Modalidad,Nivel,Sector,Ámbito,CUE,Cód. Insp.,Inspector/a (ó Supervisor/a),Tel. Inspector/a (ó Supervisor/a),Cód. Emp.,Turno,Centro Educativo,Coordenadas,Domicilio,Localidad,Barrio,Departamento,Tel. Cen.,Correo Institucional,Director/a,Tel. Directora,Correo Personal,Categoría,Silla de ruedas. Necesidad urgente de  x cantidad,Alumnos 2024,Alumnos 2025,Total de alumnos con discapacidad,¿Tiene rampa?,¿Tiene baño adaptado?,¿Tiene silla de ruedas?,
Común,Inicial,Público,Urbano,140088000,2001-01-04,Marisa Masuco,3584172242,EE0640482,"Mañana, Tarde",J. DE INF. LEOPOLDO LUGONES,"-33.121204191028355, -64.32341873285046","Fray Quirico Porreca 1320, X5804 Río Cuarto, Córdoba",Río Cuarto,Las Delicias,Río Cuarto,__________,EE0640482@me.cba.gov.ar32lugonesriocuarto@gmail.com,BORGOGNO RAQUEL BEATRIZ,3584240973,raqurlbor272@hotmail.com,Tercera,No,118,114,5,Sí,Sí,No,
Común,Inicial,Público,Urbano,140088500,2001-01-04,Marisa Masuco,3584172242,EE0640496,"Mañana, Tarde",J. DE INF. PROVINCIA DE SANTA CRUZ,"-33.102027960363216, -64.33083549052392","Uruguay 102, X5804 Río Cuarto, Córdoba",Río Cuarto,Banda Norte,Río Cuarto,3584750898,ee0640496@me.cba.gov.ar / 31santacruzriocuarto@gmail.com,ARDISSONE PAMELA SUSANA,3584287781,pamelasusana.ardissone@me.cba.gov.ar,Primera,No,149,161,6,Sí,No,No,
Común,Inicial,Público,Urbano,140088800,2001-01-04,Marisa Masuco,3584172242,EE0640465,"Mañana, Tarde",J. DE INF. MODELO,"-33.132045584329376, -64.3447756463413","Lavalle 1410, X5800 Río Cuarto, Córdoba",Río Cuarto,Centro ,Río Cuarto,3586027917,ee0640465@me.cba.gov.ar / 21modeloriocuarto@gmail.com,MARTIN JIMENA ANAHI,3385403388,jimeanahimartin@gmail.com,Primera,No,123,117,9,Sí,No,No,
Común,Inicial,Público,Urbano,140088900,2001-01-04,Marisa Masuco,3584172242,EE0640509,"Mañana, Tarde",J. DE INF. DOMINGO FAUSTINO SARMIENTO,"-33.13791064478887, -64.3680672770306","Fray Mamerto Esquiú 1035, X5806DCC Río Cuarto, Córdoba",Río Cuarto,Parque Bimaco,Río Cuarto,3584628657,ee0640509@me.cba.gov.ar / 41.sarmiento@gmail.com,LOPEZ GISELA RITA,3584224866,giseglop@gmail.com,Primera,No,146,138,3,Sí,No,Sí,
Común,Inicial,Público,Urbano,140089000,2001-01-04,Marisa Masuco,3584172242,EE0640487,"Mañana, Tarde",J. DE INF. TTE. GRAL. EDUARDO RACEDO,"-33.1244729831662, -64.3703790077566","Arturo M. Bas 1696, X5806 Río Cuarto, Córdoba",Río Cuarto,Intendente Mójica,Río Cuarto,3584221832,ee0640487@me.cba.gov.ar / 42racedoriocuarto@gmail.com,MARCON CLAUDIA EVANGELINA (Directora Suplente),3585601491,claudiamarcon39@gmail.com,Primera,No,132,161,3,Sí,Sí,No,
Común,Inicial,Público,Urbano,140091300,4029,Mónica Cogorno,3584 40-0062,EE0640504,"Mañana, Tarde",J. DE INF. MARIANO MORENO,"-33.13642330928765, -64.33440023284969","Pedro Goyena 550, X5808FQI Río Cuarto, Córdoba",Río Cuarto,Alberdi Norte,Río Cuarto,3584669665,EE0640504@me.cba.gov.ar ,ANDINO MARIA GABRIELA,3585603681,gavy.andino@gmail.com,Primera,,136,128,4,No,Sí,No,
Común,Inicial,Público,Urbano,140091400,4029,Mónica Cogorno,3584 40-0062,EE0640502,"Mañana, Tarde",J. DE INF. ARZOBISPO MARIANO ANTONIO ESPINOSA,"-33.13738299184863, -64.32647117517719","Olegario Andrade 1070, X5808 Río Cuarto, Córdoba",Río Cuarto,Pueblo Alberdi,Río Cuarto,3584669662,EE0640502@me.cba.gov.ar ,JAIME KARINA CECILIA,3584312431,Karinacjaime@gmail.com,Primera,,143,124,1,Sí,No,No,
Común,Inicial,Público,Urbano,140091500,4029,Mónica Cogorno,3584 40-0062,EE0640466,"Mañana, Tarde",J. DE INF. MERCEDES SAN MARTIN DE BALCARCE,"-33.13214576897433, -64.32998214819474","Entre Ríos 750, X5808 Río Cuarto, Córdoba",Río Cuarto,Alberdi Norte,Río Cuarto,3584669663,EE0640466@me.cba.gov.ar ,CABRAL MARISA ANDREA,3584119745,marisacabral2975@gmail.com,Primera,1,121,122,4,No,No,No,
Común,Inicial,Público,Urbano,140140300,2001-01-04,Marisa Masuco,3584172242,EE0640503,"Mañana, Tarde",J. DE INF. BERNARDINO RIVADAVIA,"-33.09591889354463, -64.36630923687619","Wenceslao Tejerina & & Ruta Nacional A005, Córdoba",Río Cuarto,Las Quintas,Río Cuarto,-,  ee0640503@me.cba.gov.ar/riocuarto35rivadavia@gmail.com,GRATTON JORGELINA,3584127563,jor878@hotmail.com,Tercera,No,156,161,0,No,Sí,No,
Común,Inicial,Público,Urbano,140140700,4029,Mónica Cogorno,3584 40-0062,EE0640463,"Mañana, Tarde",J. DE INF. GREGORIA MATORRAS DE SAN MARTIN,"-33.1188391573066, -64.35355989066436","9 de Julio 352, X5800 BKG, Córdoba",Río Cuarto,Centro ,Río Cuarto,3584676827,EE0640463@me.cba.gov.ar ,BONA SILVIA EDITH,3584181155,silviabona@gmail.com,Tercera,,80,71,1,No,No,No,
Común,Inicial,Público,Urbano,140153400,2001-01-04,Marisa Masuco,3584172242,EE0640485,"Mañana, Tarde",J. DE INF. DR. ADOLFO ALSINA,"-33.09669650008677, -64.34459243299435","Av. Gral. José Garibaldi 796, X5804 Río Cuarto, Córdoba",Río Cuarto,Banda Norte,Río Cuarto,,EE0640485@me.cba.gov.ar /33alsinariocuarto@gmail.com,SARANDON ESTEFANIA CAROLINA,3584901445,estefaniacarolina.sarandon@me.cba.gov.ar,Primera,1,152,161,3,No,No,No,
Común,Inicial,Público,Urbano,140153700,2001-01-04,Marisa Masuco,3584172242,EE0640475,"Mañana, Tarde",J. DE INF. REPUBLICA DEL URUGUAY,"-33.11257123092749, -64.33745989066456","San Luis 348, X5800 Río Cuarto, Córdoba",Río Cuarto,Banda Norte,Río Cuarto,3584908157,34uruguayriocuarto@gmail.com,LOPEZ LILIAN SOLEDAD,3584908157,liliansoledadlopez83@gmail.com,Tercera,No,76,79,3,Sí,No,No,
Común,Inicial,Público,Urbano,140154000,2001-01-04,Marisa Masuco,3584172242,EE0640474,"Mañana, Tarde",J. DE INF. ALMIRANTE BROWN,"-33.109277930315564, -64.35127530415816","Río Juramento 641, X5806 Río Cuarto, Córdoba",Río Cuarto,José de Calasanz,Río Cuarto,3584855071,EE0640474@me.cba.gov.ar15brownriocuarto@gmail.com,CASTILLO MARILEN LEONELA,3584234206,casmarilen@gmail.com,Tercera,,63,68,0,Sí,Sí,No,
Común,Inicial,Público,Urbano,140168600,2001-01-04,Marisa Masuco,3584172242,EE0640539,Mañana,J. DE INF. MANUELA GUILLERMINA MALDONADO DE PARTELLI,"-33.01918314471943, -64.4389473135896",CALLE PUBLICA LA ESQUINA P/TRES ACEQUIAS,La Esquina,Las Quintas,Río Cuarto,3584012650,EE0640539@me.cba.gov.ar/13partellilaesquina@gmail.com,ABRAHAN MARIA FERNANDA,3584012650,ferabraham11@gmail.com,Tercera,No,13,18,0,No,No,No,
Común,Inicial,Público,Urbano,140177600,4029,Mónica Cogorno,3584 40-0062,EE0640478,"Mañana, Tarde",J. DE INF. 21 DE JULIO,"-33.123089336736825, -64.341962375322","Lavalle 510, X5800 Río Cuarto, Córdoba",Río Cuarto,Santa Rosa,Río Cuarto,3584676833,EE0640478@me.cba.gov.ar ,MARINO ROMINA,3584260874,rominaimarino@gmail.com,Segunda,1,92,93,8,Sí,No,Sí,
Común,Inicial,Público,Urbano,140177900,2001-01-04,Marisa Masuco,3584172242,EE0640461,"Mañana, Tarde",J. DE INF. DAMAS MENDOCINAS,"-33.1311480515778, -64.3566256906637","Saint Remy 564, X5800 Río Cuarto, Córdoba",Río Cuarto,Centro ,Río Cuarto,3584672930,EE0640461@me.cba.gov.ar / 11damasriocuarto@gmail.com,BONESSI NORA ANDREA MARIA,3585096149,noritabonessi@gmail.com,Primera,No,148,133,7,Sí,No,No,
Común,Inicial,Público,Urbano,140180200,2001-01-04,Marisa Masuco,3584172242,EE0640511,"Mañana, Tarde",J. DE INF. CLODOMIRA VERA,"-33.1355669756262, -64.3487455041568","Av. Pres. Perón Centro 167, X5800 Río Cuarto, Córdoba",Río Cuarto,General Paz,Río Cuarto,3584672148,24clodomirariocuarto@gmail.com,FERNANDEZ ROJO CLAUDIA,3585132721,fernandezrojoclaudia@gmail.com,Segunda,No,136,137,5,No,No,No,
Común,Inicial,Público,Urbano,140214100,2001-01-04,Marisa Masuco,3584172242,EE0640494,"Mañana, Tarde",J. DE INF. TTE. GRAL. JULIO A. ROCA,"-33.126749443476925, -64.33875061765065","Vélez Sarsfield 945, X5800 Río Cuarto, Córdoba",Río Cuarto,Santa Rosa,Río Cuarto,3584355081,EE0640494@me.cba.gov.ar /22jardinroca@gmail.com,DUCURON VIVIANA RUTH,3584012771,vivianaducuron@hotmail.com,Tercera,No,94,92,3,No,No,No,
Común,Inicial,Público,Urbano,140214400,4029,Mónica Cogorno,3584 40-0062,EE0640462,"Mañana, Tarde",J. DE INF. GENERAL SAN MARTIN,"-33.12576387147461, -64.33817763299284","Belgrano 986, X5800 Río Cuarto, Córdoba",Río Cuarto,Centro ,Río Cuarto,3584672915,EE0640462@me.cba.gov.ar ,BARRERA LUCIANA MARIAM,3584366122,Lucianababarrera@hotmail.com,Tercera,,32,36,0,Sí,Sí,No,
Común,Inicial,Público,Urbano,140299600,040503  04Región 05DGES 03Inspección,ERNESTO OLMEDO,358 428-1607,EE0330368,"Mañana, Tarde",ESC. NORMAL SUPERIOR JUSTO JOSE DE URQUIZA,"-33.12665255829525, -64.35076241949945","Constitución 1040, X5800 Río Cuarto, Córdoba",Río Cuarto,Centro ,Río Cuarto,358 4672917,ee0330371@me.cba.gov.ar / ifd_escuelanormal_urquiza@yahoo.com.ar,ALEJANDRA GASTALDELLO   REGENTE MARÍA LAURA ZÁRATE,358 431-8073                             358 447-5251,alejandragastaldello@gmail.com       laurazar77@gmail.com,1º,0,148,133,7,Sí,No,No,
Común,Inicial,Público,Urbano,140300200,2001-01-04,Marisa Masuco,3584172242,EE0640481,"Mañana, Tarde",J. DE INF. GRAL. JOSE MARIA PAZ,"-33.12881093859362, -64.3542121618282","Mitre 1325, X5800 Río Cuarto, Córdoba",Río Cuarto,Centro ,Río Cuarto,3584676820,EE0640481@me.cba.gov.ar / 14gralpazriocuarto01@gmail.com,MILANESIO ROSANA SILVINA,3585481594,rosanamilanesio@gmail.com,Primera,No,247,222,9,Sí,Sí,No,
Común,Inicial,Público,Urbano,140301500,4029,Mónica Cogorno,3584 40-0062,EE0640483,"Mañana, Tarde",J. DE INF. JUSTO SOCRATES ANAYA,"-33.1440795007549, -64.34402583743449","Alte. Brown 1245, X5808 Río Cuarto, Córdoba",Río Cuarto,Fénix,Río Cuarto,3584672143,EE0640483@me.cba.gov.ar ,ZARATE LAURA,3584375251,laurazar77gmail.com,Primera,,146,174,1,No,No,No,
Común,Inicial,Público,Urbano,140371600,2001-01-04,Marisa Masuco,3584172242,EE0640498,Mañana,J.DE INF. GRAL. I. H. FOTHERINGHAM,"-33.15573353282302, -64.35911626182694","Av. Amadeo Sabattini 3800, X5802 Río Cuarto, Córdoba",Río Cuarto,Las Ferias,Río Cuarto,3584672110,EE0640498@me.cba.gov.ar ,AMAYA LUCIANA ELENA,3584197885,luamaya35@gmail.com,Tercera,No,40,36,1,No,No,No,
Común,Inicial,Público,Urbano,140375500,4029,Mónica Cogorno,3584 40-0062,EE0640464,"Mañana, Tarde",J. DE INF. MANUEL BELGRANO,"-33.13000838757437, -64.34959091949916","Gral. Paz 1316, X5800ADE Río Cuarto, Córdoba",Río Cuarto,Centro ,Río Cuarto,3584672921,EE0640464@me.cba.gov.ar ,GONZALEZ MARIA INES,3585068422,marinaines2811@gmail.com,Primera,,198,189,6,No,No,No,
Común,Inicial,Público,Urbano,140384700,,,,,,jose,"-33.09718848867749, -64.43078970399763",Estación Colonia del Carmen,Colonia El Carmen,No Aplica,Río Cuarto,3584222838,,,,oli_zulma@hotmail.com,,,3,,,,,,
Común,Inicial,Público,Urbano,140476400,4029,Mónica Cogorno,3584 40-0062,EE0640461,"Mañana, Tarde",J. DE INF. JUAN BAUTISTA ALBERDI,"-33.13641900927841, -64.31748166182784","Tomás Anchorena & Güemes, X5808 Río Cuarto, Córdoba",Río Cuarto,Alberdi Norte,Río Cuarto,3584672950,EE0640561@me.cba.gov.ar ,SEIMANDI LAURA CECILIA,3585619616,lceciseimandi@hotmail.com,Tercera,,93,92,2,No,No,No,
Común,Inicial,Público,Urbano,140476600,2001-01-04,Marisa Masuco,3584172242,EE0640563,"Mañana, Tarde",J. DE INF. HEBE SAN MARTIN DE DUPRAT,"-33.089302619262, -64.33614874648808","Araucanos & 17 de Octubre, X5804 Río Cuarto, Córdoba",Río Cuarto,Jardín Norte,Río Cuarto,3584672958,EE0640563@me.cba.gov.ar / 37dupratriocuarto@gmail.com,AVILA MARIELA SOFIA,3584306453,marielavila65@gmail.com,Segunda,No,91,85,1,No,No,No,
Común,Inicial,Público,Urbano,140476700,2001-01-04,Marisa Masuco,3584172242,EE0640565,"Mañana, Tarde",J. DE INF. MAESTRO INDIO FELIPE ROSAS,"-33.14784268233278, -64.36506023299182","Geronimo del Barco 3041, X5802CWA Río Cuarto, Córdoba",Río Cuarto,Ingeniero Manuel Pizarro,Río Cuarto,3584672955, EE0640565@me.cba.gov.ar/46maestroindioriocuarto@gmail.com,MERCAU ELENA,3584860059,elenamercau@gmail.com,Segunda,No,91,87,0,No,No,No,
Común,Inicial,Público,Urbano,140515900,2001-01-04,Marisa Masuco,3584172242,EE0640577,Mañana,J. DE INF. MADRE TERESA DE CALCUTA,"-33.152266460965706, -64.3718424464849","Dr. Carlos Gaudard 3480, X5806 Río Cuarto, Córdoba",Río Cuarto,Ciudad Nueva,Río Cuarto,3584676843, EE0640577@me.cba.gov.ar/47calcutariocuarto@gmail.com,ZAPATA CAROLINA BELEN,3585615756,carolinabzapata@gmail.com,Tercera,No,67,64,2,Sí,Sí,No,
Común,Inicial,Público,Urbano,140542400,2001-01-04,Marisa Masuco,3584172242,EE0640583,"Mañana, Tarde",10 DE JUNIO,"-33.1040000, -64.3345000","Florencio Sánchez 1780, X5804 Río Cuarto, Córdoba",Río Cuarto,Valacco,Río Cuarto,3584654453,ee0640583@me.cba.gov.ar,DÁNGELO GABRIELA ALEJANDRA,3584381130,gaby31dangelo@gmail.com,Tercera,No,130,122,0,No,Sí,No,
Común,Inicial,Público,Urbano,140581800,,,,,,JARDIN MATERNAL RAYITO DE SOL-UNRC,"-33.110822778151466, -64.30087052571193",,Las Higueras,No Aplica,Río Cuarto,,,,,,,,104,,,,,,
Común,Inicial,Público,Urbano,149000500,,,,EE1490005,"Mañana, Tarde",J. DE INF. ROSARIO VERA PEÑALOZA,"-33.12823429169027, -64.348784348335","ADA, Gral. Paz 1141, X5800 Río Cuarto, Provincia de Córdoba",Río Cuarto,Centro ,Río Cuarto,3584645757 / 3584388921,jardin@rec.unrc.edu.ar,ORDOÑEZ LUCILA,3584857874,lucilaordoñez23@gmail.com,,,127,,,,,,
Común,Inicial,Privado,Urbano,140091200,,SILVIA ZUPAN,358-4844373,EE1520355,Mañana,COLEGIO EVANGELICO NUEVA ARGENTINA,"-33.13845549695455, -64.315921251024","Vicente López y Planes 1720, X5808 Río Cuarto, Córdoba",Río Cuarto,Alberdi Norte,Río Cuarto,3584661297,escuelanuevaargentina@hotmail.com,BUSTOS CLAUDIO,3571571182,gabryelbustos@gmail.com,,0,61,,3,No,No,No,
Común,Inicial,Privado,Urbano,140213700,,SILVIA ZUPAN,358-4844373,EE1520341,Mañana,COLEGIO CRISTO REY,"-33.12037721788502, -64.34862794648643","Constitución 400, X5800 Río Cuarto, Córdoba",Río Cuarto,Centro ,Río Cuarto,3584621278,direccion-inicial-primaria@cristoreyriocuarto.edu.ar,MANSILLA MARCELA,3584871401,mmansilla@cristoreyriocuarto.edu.ar,,,66,,,,,,
Común,Inicial,Privado,Urbano,140300500,,SILVIA ZUPAN,358-4844373,EE1120342,Mañana,COLEGIO ESCUELAS PIAS,"-33.13459950536814, -64.34448674648584","Alejandro Roca 701, X5800 Río Cuarto, Córdoba",Río Cuarto,Centro ,Río Cuarto,0358-4623314,piasprimario@gmail.com,"FASSANO, MARINA",3585614272,fassanomarina@gmail.com,,,147,,,,,,
Común,Inicial,Privado,Urbano,140302100,,SILVIA ZUPAN,358-4844373,EE1520346,"Mañana, Tarde",COLEGIO MARIA BENITA ARIAS,"-33.139661399916925, -64.33447485997883","Montevideo 751, X5800 Río Cuarto, Córdoba",Río Cuarto,Alberdi Norte,Río Cuarto,0358-4660799,nivelinicial@hembaedu.com,RIBOTTA KARINA,358155088114,nivelinicial@hembaedu.com,,,114,,,,,,
Común,Inicial,Privado,Urbano,140382300,,SILVIA ZUPAN,358-4844373,EE1520343,Mañana,COLEGIO NUESTRA SEÑORA DEL CARMEN,"-33.12226720797275, -64.34398351765086","Baigorria 373, X5800CQG Río Cuarto, Córdoba",Río Cuarto,Centro ,Río Cuarto,0358-4626339,primario@colegiodelcarmenrio4.edu.ar,"BUENO, CECILIA ANDREA",3584249523,,,,103,,,,,,
Común,Inicial,Privado,Urbano,140439200,,SILVIA ZUPAN,358-4844373,EE1520353,"Mañana, Tarde",COLEGIO CONCORDIA,"-33.14906114999947, -64.35160474833388","Pedro Vargas 260, X5802 Río Cuarto, Córdoba",Río Cuarto,Industrial,Río Cuarto,0358-4634236,direccionnivelinicial@concordia-riocuarto.edu.ar,"BOSSIO, FLAVIA ANAHI",3584397241,,,,163,,,,,,
Común,Inicial,Privado,Urbano,140457100,,SILVIA ZUPAN,358-4844373,EE1520225,Mañana,ESCUELA DE AGRONOMIA DE RIO IV,"-33.11658691079815, -64.34925021765115","Eliseo Sanchez 235, X5800 Río Cuarto, Córdoba",Río Cuarto,Centro ,Río Cuarto,0358-4626582,agro_primario@yahoo.com.ar,MARIELA DELGADO,35842257788,elsamariela76@gmail.com,,,36,,,,,,
Común,Inicial,Privado,Urbano,140501300,,SILVIA ZUPAN,358-4844373,EE1120347,"Mañana, Tarde",J. DE INF. SANTA EUFRASIA,"-33.12386412644642, -64.35725949066408","María Olguin 953, X5800 Río Cuarto, Córdoba",Río Cuarto,Centro ,Río Cuarto,0358-4669061,nivelinicial@santaeufrasia.edu.ar,"GHERSINICH, IVANA GABRIELA",3584380276,ighersinich@santaeufrasia.edu.ar,,,172,,,,,,
Común,Inicial,Privado,Urbano,140503600,,SILVIA ZUPAN,358-4844373,EE1510955,Mañana,COLEGIO ITALO ARGENTINO DANTE ALIGHIERI,"-33.11217274366954, -64.37218413299357","Lorenzo Suárez de Figueroa 2051, X5806IQK Río Cuarto, Córdoba",Río Cuarto,Villa Dalcar,Río Cuarto,0358-4827315,colegio@danteriocuarto.edu.ar,"BRAVO, ANA BELEN",3584384885,bravoabelen@danteriocuarto.edu.ar,,,84,,,,,,
Común,Inicial,Privado,Urbano,140531100,,SILVIA ZUPAN,358-4844373,EE1520351,Tarde,J. DE INF. MERCEDES DEL NIÑO JESUS,"-33.10214676071958, -64.33828820415852","Victor Hugo 885, X5804 Río Cuarto, Córdoba",Río Cuarto,Banda Norte,Río Cuarto,0358-4627175,mercedesdelnjesus@hotmail.com,"FRANCO, MONICA CAROLINA",3586543685,mcarofranco@gmail.com,,,194,,,,,,
Común,Inicial,Privado,Urbano,140539700,,SILVIA ZUPAN,358-4844373,EE 1520933,Tarde,COLEGIO LEONARDO DA VINCI,"-33.15705619678679, -64.36599327656786","Glauce Helen Baldovin 3500, X5800 Río Cuarto, Córdoba",Río Cuarto,Industrial,Río Cuarto,0358-155000062,psagastume@ldv.edu.ar,"SAGASTUME, PATRICIA",3585611666,psagastume@ldv.edu.ar,,,42,,,,,,
Común,Inicial,Privado,Urbano,140541400,,SILVIA ZUPAN,358-4844373,EE1120348,Mañana,J. DE INF. LA MERCED,"-33.1235751525125, -64.35451803928902","Colón 580, X5800BJK Río Cuarto, Córdoba",Río Cuarto,Centro ,Río Cuarto,0358-4635587,jardinlamerced@gmail.com,"BUFFARINI, ANDREA SILVINA",3584269429,,,,159,,,,,,
Común,Inicial,Privado,Urbano,140541600,,SILVIA ZUPAN,358-4844373,EE1120352,"Mañana, Tarde",J.DE INF. SANTOS ANGELES CUSTODIOS,"-33.10250686148953, -64.3468008329941","Eduardo Jenner 510, X5804 Río Cuarto, Córdoba",Río Cuarto,Banda Norte,Río Cuarto,0358-4625805,colegioangelescustodios@yahoo.com.ar,"MOLINUEVO, CLAUDIA",3584349426,,,,147,,,No,No,No,
Común,Inicial,Privado,Urbano,140541800,,SILVIA ZUPAN,358-4844373,EE1520344,Tarde,J. DE INF. SAN BUENAVENTURA,"-33.12224902248081, -64.35073170415751","San Martín 250, X5800 Río Cuarto, Córdoba",Río Cuarto,Centro ,Río Cuarto,0358-4627077,sambuesecinicial@gmail.com,COMUGNARO ANA LAURA,3585087099,anacomugnaro@hotmail.com,,,279,,,,,,
Común,Inicial,Privado,Urbano,140543600,,SILVIA ZUPAN,358-4844373,EE1520910,Mañana,INSTITUTO EDUCATIVO JOCKEY CLUB RIO CUARTO,"-33.1314568555612, -64.37432105278026","Av. Pres. Perón Oeste 1605, X5806GPD Río Cuarto, Córdoba",Río Cuarto,Tiro Federal,Río Cuarto,0358-4627959,nivelinicial@iejcrc.com.ar,"BOGNI, LAURA ALEJANDRA",3584010487,lalybogni@gmail.com,,,146,,,,,,
Común,Inicial,Privado,Urbano,140550200,,SILVIA ZUPAN,358-4844373,EE1520349,"Mañana, Tarde",INSTITUTO LANTERIANO NUESTRA SEÑORA DE LA MERCED - NIVEL INICIAL,"-33.133027233294285, -64.33327221765032","Güemes 564, X5808 Río Cuarto, Córdoba",Río Cuarto,Alberdi Norte,Río Cuarto,0358-4661114,lnterianolamerced@yahoo.com,BETIANA SEQUEIRA,3585098729,betianasequeira6@gmail.com,,,154,,,,,,
Común,Inicial,Privado,Urbano,140551400,,SILVIA ZUPAN,358-4844373,EE1520939,Mañana,INSTITUTO BILINGUE SAN IGNACIO DE LOYOLA,"-33.1071049227951, -64.36167923744475","Guardias Nacionales 1400, X5806 Río Cuarto, Córdoba",Río Cuarto,Villa Dalcar,Río Cuarto,0358-4648484,primario@colegiosanignacio.edu.ar,MARIA JOSE MILANESE,,,,,147,,,,,,
Común,Inicial,Privado,Urbano,140554400,,SILVIA ZUPAN,358-4844373,EE1120354,"Mañana, Tarde",INSTITUTO PRIVADO ADSCRIPTO GALILEO GALILEI,"-33.12647872800012, -64.35182776182837","Alvear 1040, X5800 Río Cuarto, Córdoba",Río Cuarto,Centro ,Río Cuarto,0358-4626410,galileogalilei.n.inicial.primario@gmail.com,"LASA, MARIA BELEN",3585068631,,,,74,,,,,,
Común,Inicial,Privado,Urbano,140574100,,SILVIA ZUPAN,358-4844373,EE1520345,Tarde,J. DE INF. SAN JUAN DE LA CRUZ,"-33.13109474577915, -64.36737497347275","Av. Pres. Perón Oeste 1321, X5806 GPA, Córdoba",Río Cuarto,Tiro Federal,Río Cuarto,0358-4621338,sanjuan_rioiv@hotmail.com,SUSANA FORCATO,,,,,130,,,,,,
Común,Inicial,Privado,Urbano,140576100,,SILVIA ZUPAN,358-4844373,EE 1520291,Mañana,COLEGIO COMUNIDAD EDUCATIVA OLYMPOS,"-33.10156312197109, -64.34862247532298","Isabel la Católica 735, X5800 Río Cuarto, Córdoba",Río Cuarto,Banda Norte,Río Cuarto,358-4251148,comunidadeducativaolympos@gmail.com,"MANELLI, MONICA SILVINA",3584240943,msmanelli@gmail.com,,,33,,,,,,
Común,Inicial,Privado,Urbano,140579100,,SILVIA ZUPAN,358-4844373,EE1520293,Mañana,COLEGIO INSTITUTO KEPLER,"-33.10866480229582, -64.32018693299378","Achalay 1250, X5804 Río Cuarto, Córdoba",Río Cuarto,Banda Norte,Río Cuarto,358-5133169,institucional.kepler@gmail.com,RUSSO NORMA,3513088594,,,,33,,,,,,
Común,Inicial,Privado,Urbano,140583700,,SILVIA ZUPAN,358-4844373,EE1520929,Mañana,J. DE INF. PRIVADO CARSON,"-33.106308597145556, -64.41402733389587",,Río Cuarto,Ayres de la Antonia,Río Cuarto,0358-154904116,direccioninicial@institutocarson.edu.ar,RINALDI CAROLINA,,,,,35,,,,,,
Común,Primario,Público,Urbano,140087900,412151,MARTA MUÑOZ,3584206118,EE0640417,"Mañana, Tarde",ESCUELA 21 DE JULIO,"-33.122797453043994, -64.3423188194998","Baigorria 552, X5800CQK Río Cuarto, Córdoba",Río Cuarto,Santa Rosa,Río Cuarto,"358-4672914",21dejulioescuela@gmail.com,FACIOLO GABRIELA PATRICIA,358-4300131,gfaciolo@gmail.com,1°,NO,433,,28,No,,,
Común,Primario,Público,Urbano,140088600,413123,ANALÍA AVARO,3584823080,EE0640434,"Mañana, Tarde",ESCUELA TTE. GRAL. EDUARDO RACEDO,"-33.122339764468656, -64.36958163299312","Trabajo y Prevision 1100, X5806 Río Cuarto, Córdoba",Río Cuarto,Lomitas de Oro,Río Cuarto,3584235418,escuelaracedo@gmail.com,"VELEZ, MARIA SOL",3584235410,velezmarisol32@gmail.com,1°,NO,592,,33,Sí,No,No,
Común,Primario,Público,Urbano,140088700,413112,ANALÍA AVARO,3584823080,EE0640326,"Mañana, Tarde",ESCUELA DOMINGO FAUSTINO SARMIENTO,"-33.13872684930608, -64.36874376182773","Fray Mamerto Esquiú 1045, X5806 Río Cuarto, Córdoba",Río Cuarto,Parque Bimaco,Río Cuarto,,escuelasarmiento4gmail.com,MARIA FANNY MABEL,3586011982,fannymavelmaria@gmail.com,1°,NO,398,,19,No,No,No,
Común,Primario,Público,Urbano,140091600,414112,MILENA ANDREA GUEVARA,358-6010199,EE0640515,"Mañana, Tarde",ESCUELA MARIANO MORENO,"-33.13690416218026, -64.33425670415667","Montevideo 528, X5808 Río Cuarto, Córdoba",Río Cuarto,Alberdi Norte,Río Cuarto,-,mmoreno4112@gmail.com,ALI  MARIA BEATRIZ,3586013432,beaatriz56@gmail.com,1°,NO,319,276,10,No,No,Sí,
Común,"Primario, Inicial",Público,Periférico,140113200,412112,MARTA MUÑOZ,3584206118,,"Mañana, Tarde",JOSE DE SAN MARTIN,"-33.095088238275174, -64.43162950084337",RUTA 30 KM 69 COLONIA EL CARMEN,Colonia El Carmen,No Aplica,Río Cuarto,,,,,,,,11,,,,,,
Común,Primario,Público,Urbano,140140100, Cód. Nuevo 04020116    411132,ARIANA J. VIOLA,0358- 154815840,EE0640516,"Mañana, Tarde",ESCUELA BERNARDINO RIVADAVIA,"-33.09551108048971, -64.3661289195011","Wenceslao Tejerina Nte. 1171, X5806 Río Cuarto, Córdoba",Río Cuarto,Las Quintas,Río Cuarto,,bernardinorivadaviario4@gmail.com,TOMASSINI LUDMILA VICTORIA,3586009284,ludmi.rivadavia@gmail.com,1°,SI (1),303,,13,No,Sí,No,
Común,Primario,Público,Urbano,140153500, Cód. Nuevo 04020112      411112,ARIANA J. VIOLA,0358- 154815840,EE0640337,"Mañana, Tarde",ESCUELA REPUBLICA DEL URUGUAY,"-33.11266894468444, -64.33752851765131","San Luis 342, X5804GHF Río Cuarto, Córdoba",Río Cuarto,Banda Norte,Río Cuarto,,c.e.repdeluruguay@gmail.com,MARSO ANALIA CRISTINA,3584010953,analiamarso70@gmail.com,1°,NO,333,,10,Sí,No,No,
Común,Primario,Público,Urbano,140154100,413125,ANALÍA AVARO,3584823080,EE0640368,"Mañana, Tarde",ESCUELA ALMIRANTE BROWN,"-33.10876022352248, -64.3533158771715","Río Quinto 660, X5806 Río Cuarto, Córdoba",Río Cuarto,José de Calasanz,Río Cuarto,3584849648,brown13125@gmail.com,"ASTEGIANO, ADRIANA RAQUEL",3584849648,adrianaastegiano@gmail.com,1°,NO,256,,11,Sí,No,No,
Común,Primario,Público,Urbano,140154200, Cód. Nuevo 04020115      411131,ARIANA J. VIOLA,0358- 154815840,EE0640439,"Mañana, Tarde",ESCUELA DOCTOR ADOLFO ALSINA,"-33.09728227569255, -64.3439491934043","Av. Gral. José Garibaldi 740, X5804 Río Cuarto, Córdoba",Río Cuarto,Banda Norte,Río Cuarto,,cedoctoradolfoalsina@gmail.com,CAVALLERIS LAURA ISABEL,3584187721,lauracavalleris68@gmail.com,1°,NO,514,,23,Sí,Sí,No,El baño está incompleto
Común,Primario,Público,Urbano,140176500,412111,MARTA MUÑOZ,3584206118,EE0640324,"Mañana, Tarde",ESCUELA BARTOLOME MITRE,"-33.132193031204736, -64.3453561613378","Lavalle 1452, X5800 Río Cuarto, Córdoba",Río Cuarto,Centro ,Río Cuarto,,mitreriocuarto@gmail.com,"JAIME, OMAR ANTONIO",3584029197,oaj1972@gmail.com,1°,,324,,,,,,
Común,Primario,Público,Urbano,140177700,412121,MARTA MUÑOZ,3584206118,EE0640433,"Mañana, Tarde",ESCUELA PROVINCIA DE SANTA CRUZ,"-33.10305447541329, -64.33007996032234","Santa Fe & Uruguay, X5800 Río Cuarto, Córdoba",Río Cuarto,Banda Norte,Río Cuarto,"358-4751666",santacruzbn@gmail.com,BURGARELLA ALEJANDRA JUANA,3584186729,creazyjuana@gmail.com,1°,,649,,,,,,
Común,Primario,Público,Urbano,140178000,413111,ANALÍA AVARO,3584823080,EE0640325,"Mañana, Tarde",ESCUELA VELEZ SARSFIELD,"-33.13052970772379, -64.35592826454308","Mendoza 1502, X5800 Río Cuarto, Córdoba",Río Cuarto,Centro ,Río Cuarto,3584300022,sarsfielv@gmail.com,"BONANSEA, SILVANA MABEL",3584300022,silbonansea1@gmail.com,1°,SI,503,,24,Sí,No,Sí,
Común,Primario,Público,Urbano,140194100,412141,MARTA MUÑOZ,3584206118,EE0640403,"Mañana, Tarde",ESCUELA TTE. GRAL. JULIO ARGENTINO ROCA,"-33.12637145909831, -64.33823707810845","Juan José Paso 790, X5800 Río Cuarto, Córdoba",Río Cuarto,Santa Rosa,Río Cuarto,3585064579,41escuelaroca@gmail.com,CEBALLOS LORENA BEATRIZ,3585064579,lceballos488@gmail.com,1°,,246,,,,,,
Común,Primario,Público,Urbano,140203800, Cód. Nuevo 04020111     411111,ARIANA J. VIOLA,0358- 154815840,EE0640329,"Mañana, Tarde",ESCUELA MANUEL BELGRANO,"-33.1298630370174, -64.35029966457712","Sobremonte 1333, X5800ABA Río Cuarto, Córdoba",Río Cuarto,Centro ,Río Cuarto,,escmanuelbelgrano@gmail.com,MANAVELLA  LORENA NOEMÍ,3584848053,manavellalore@gmail.com,1°,NO,656,,67,No,No,No,
Común,Primario,Público,Urbano,140213600,413121,ANALÍA AVARO,3584823080,EE0640328,"Mañana, Tarde",ESCUELA GENERAL PAZ,"-33.12378698216998, -64.3530230357267","Mitre 850, X5800 Río Cuarto, Córdoba",Río Cuarto,Centro ,Río Cuarto,3585094946,cegeneralpaz@gmail.com,"VIENNY, ANDREA ENSI",3585094946,andreavienny@gmail.com,1°,SI,642,,44,Sí,Sí,Sí,
Común,Primario,Público,Urbano,140213800,COD. NUEVO 040204-12 (414121),MILENA ANDREA GUEVARA,358-6010199,EE0640331,"Mañana, Tarde",ESCUELA GENERAL SAN MARTIN,"-33.12574592775277, -64.3381937221982","Belgrano 986, X5800 Río Cuarto, Córdoba",Río Cuarto,Santa Rosa,Río Cuarto,dado de baja,ee0640331@me.cba.gov.ar / gralsanmartin14@gmail.com,MORALES HORACIO ADRIAN,3584311312,horacioadrian@gmail.com,3° P.C.,NO,102,97,5,No,Sí,No,
Común,Primario,Público,Urbano,140299600,,ERNESTO OLMEDO,,EE0330371,"Mañana, Tarde",ESC. NORMAL SUPERIOR JUSTO JOSE DE URQUIZA,"-33.126607659680445, -64.35073559336206","Constitución 1040, X5800 Río Cuarto, Córdoba",Río Cuarto,Centro ,Río Cuarto,,,,,,,,465,,,,,,
Común,Primario,Público,Urbano,140300400, Cód. Nuevo 04020114       411122,ARIANA J. VIOLA,0358- 154815840,EE0640517,"Mañana, Tarde",ESCUELA LEOPOLDO LUGONES,"-33.1207239349298, -64.32319915028243","Fray Quirico Porreca 1310, X5804 Río Cuarto, Córdoba",Río Cuarto,Las Delicias,Río Cuarto,,lugonesleopoldo74@gmail.com,CIPRIANI CLAUDIA ,3584314717,caludiaescuela@gmail.com,1°,NO,354,,14,No,No,No,
Común,Primario,Público,Urbano,140300700, Cód. Nuevo 04020113      411121,ARIANA J. VIOLA,0358- 154815840,EE0640435,"Mañana, Tarde",ESCUELA GOBERNADOR DR. AMADEO SABATTINI,"-33.13479447978429, -64.3484126645404","Mansilla 320, X5800 Río Cuarto, Córdoba",Río Cuarto,General Paz,Río Cuarto,,,LANDA RITA MARIA FABIANA,3584900876,ritamarialanda@gmail.com,1°,NO,397,,,Sí,No,No,
Común,Primario,Público,Urbano,140301200, Cód. Nuevo 04020119     414122,ARIANA J. VIOLA,0358-154815840,EE0640357,"Mañana, Tarde",ESCUELA GENERAL JUSTO SOCRATES ANAYA,"-33.14493930348259, -64.34290606453682","Azopardo 1270, X5808 Río Cuarto, Córdoba",Río Cuarto,Fénix,Río Cuarto,,anayasócrates@gmail.com,PALACIOS LUCIANA,3584011211,rita.palacios85@gmail.com,1°,NO,479,,15,No,No,No,
Común,Primario,Público,Urbano,140301800, Cód. Nuevo 04020219 (414111),MARTA MUÑOZ,358-6010199,EE0640330,"Mañana, Tarde",ESCUELA NICOLAS AVELLANEDA,"-33.13434536817727, -64.33392596451266","Vicente López y Planes 538, X5808 Río Cuarto, Córdoba",Río Cuarto,Alberdi Norte,Río Cuarto,3585608879,navellaneda13@gmail.com,REDONDO CELINA BEATRÍZ,3585613090,celinaredondo3@gmail.com,1°,NO,449,,21,Sí,No,No,
Común,Primario,Público,Urbano,140301900,   Cód. Nuevo 04020120      414131,ARIANA J. VIOLA,358-154815840,EE0640456,"Mañana, Tarde",ESCUELA ARZOBISPO ANTONIO ESPINOSA,"-33.13697120485559, -64.3254939068665","Olegario Andrade 1020, X5808 Río Cuarto, Córdoba",Río Cuarto,Alberdi Norte,Río Cuarto,3585136543,cearzobispo@gmail.com,QUIROGA MIRIAM LURDES,3585136543,cordobesarc@gmail.com,1°,NO,398,,12,Sí,Sí,No,No hay rampa para subir desde la calle a la vereda
Común,Primario,Público,Urbano,140324200,412136,MARTA MUÑOZ,3584206118,EE0640444,"Mañana, Tarde",ESCUELA MANUELA GUILLERMINA MALDONADO DE PARTELLI,,,La Esquina,No Aplica,Río Cuarto,358-4194315,partelli36@gmail.com,ENRIZ VERÓNICA DEL CARMEN,358-4194315,veronicaenriz1974@gmail.com,3°PU,,44,,,,,,
Común,Primario,Público,Urbano,140348100,412131,MARTA MUÑOZ,3584206118,EE0640327,"Mañana, Tarde",ESCUELA FLORENTINO AMEGHINO,"-33.118478354742365, -64.3534799510988","9 de Julio 314, X5800 BKG, Córdoba",Río Cuarto,Centro ,Río Cuarto,358-4672908,ameghinoescuela@gmail.com,DOMINGUEZ MARIANA BEATRIZ,3584220492,marianadominguezrio4@gmail.com,1°,,339,,,,,,
Común,Primario,Público,Urbano,140371700,413113,ANALÍA AVARO,3584823080,EE0640440,Mañana,ESCUELA GRAL. IGNACIO HAMILTON FOTHERINGHAM,"-33.15580171776015, -64.3590514589509","Av. Amadeo Sabattini 3800, X5802 Río Cuarto, Córdoba",Río Cuarto,Las Ferias,Río Cuarto,3584908327,centroe.fotheringham@gmail.com,CEJAS SANDRA ROSANA,3584908327,cejass265@gmail.com,1°,NO,130,,3,No,No,No,
Común,Primario,Público,Urbano,140384700,   Cód. Nuevo 04020117   411133,ARIANA J. VIOLA,0358- 154815840,EE0640421,Mañana,GENERAL JOSE DE SAN MARTIN,,Ruta Nacional 36 km 614,,No Aplica,Río Cuarto,,escuelaespinillo70@gmail.com,OLIVO ZULMA DEL VALLE,3585608071,oli_zulma@hotmail.com,3°PU,NO,7,,0,No,No,No,
Común,Primario,Público,Urbano,140468400,412126,MARTA MUÑOZ,3584206118,EE0640364,"Mañana, Tarde",10 DE JUNIO,"-33.104174279195945, -64.31304613575452","El Salvador 850, X5804 Río Cuarto, Córdoba",Río Cuarto,Valacco,Río Cuarto,"358-4672115",ce10dejunio@gmail.com,NOBLE PAOLA DANIELA,3585609742,paolanoble1978@gmail.com,1ª,,272,,,,,,
Común,Primario,Público,Urbano,140475200,413114,ANALÍA AVARO,3584823080,EE0640560,"Mañana, Tarde",ESCUELA MAESTRO INDIO FELIPE ROSAS,"-33.148254378443376, -64.36526703758999","Geronimo del Barco 3075, X5802CWA Río Cuarto, Córdoba",Río Cuarto,Ingeniero Manuel Pizarro,Río Cuarto,3584371416,maestroifrosas@gmail.com,VELEZ DIAZ ANALIA VANESA,3584371416,vediana44@gmail.com,1°,NO,248,,13,Sí,No,No,
Común,Primario,Público,Urbano,140480400,        Cód. Nuevo 04020118    411134,ARIANA J. VIOLA,0358- 154815840,EE0640564,"Mañana, Tarde",ESCUELA HEBE SAN MARTIN DE DUPRAT(EX-S/N DE BOJARDIN NORTE),"-33.0882163101053, -64.33616103576888","Grito de Alcorta & Araucanos, X5804 Río Cuarto, Córdoba",Río Cuarto,Jardín Norte,Río Cuarto,,hebesmduprat@gmail.com,FONSECA ANA CRISTINA,3584322766,anacfmartinez@gmail.com,1°,NO,227,,14,Sí,Sí,No,
Común,Primario,Público,Urbano,140480700,040204-13 (4141-33),MILENA ANDREA GUEVARA,358-6010199,EE0640562,"Mañana, Tarde",ESCUELA MARIA EVA DUARTE,"-33.13550850201872, -64.31749249337106","Tomás Anchorena 100-198, X5808 Río Cuarto, Córdoba",Río Cuarto,Alberdi Norte,Río Cuarto,3584392138,ee0640562@me.cba.gov.ar / esevaduarte@gmail.com,"GREMIGER,MARÍA ALEJANDRA",3584392138,agremiger@gmail.com,1°,SI,275,250,,Sí,Sí,Sí,
Común,Primario,Público,Urbano,140516000,413115,ANALÍA AVARO,3584823080,EE0640578,Mañana,ESCUELA MADRE TERESA DE CALCUTA,"-33.15332964307637, -64.37202917806451","Dr. Carlos Gaudard 3480, X5806 Río Cuarto, Córdoba",Río Cuarto,Ciudad Nueva,Río Cuarto,3584672947,c.e.madreteresadecalcuta@gmail.com,"FIORI, PATRICIA DEL VALLE",3585176254,patobarrios1972@gmail.com,2°,NO,145,,10,Sí,Sí,No,
Común,Primario,Público,Urbano,140299600,040503 04Región 05DGES 03Inspección,ERNESTO OLMEDO,358 428-1607,EE0330369,"Mañana, Tarde",ESC. NORMAL SUPERIOR JUSTO JOSE DE URQUIZA,"-33.12665255829525, -64.35076241949945","Constitución 1040, X5800 Río Cuarto, Córdoba",Río Cuarto,Centro ,Río Cuarto,358 4672917,ee0330371@me.cba.gov.ar / ifd_escuelanormal_urquiza@yahoo.com.ar,"GASTALDELLO, Alejandra   REGENTE SOLIVELLAS, Cira    ",358 431-8073,alejandragastaldello@gmail.com,1º,0,468,460,,Sí,,,
Común,Primario,Privado,Urbano,140087800,,SILVIA ZUPAN,358-4844373,EE1120344,Tarde,COLEGIO SAN BUENAVENTURA,"-33.1222939763344, -64.35079070876823","San Martín 250, X5800 Río Cuarto, Córdoba",Río Cuarto,Centro ,Río Cuarto,,acappellari@sanbuenaventurariocuarto.edu.ar,CAPPELARI ANA VANINA ,3584627077,,,,587,,,,,,
Común,Primario,Privado,Urbano,140091200,,SILVIA ZUPAN,358-4844373,EE1120355,Mañana,COLEGIO EVANGELICO NUEVA ARGENTINA,"-33.138383823809285, -64.31588503571513","Vicente López y Planes 1720, X5808 Río Cuarto, Córdoba",Río Cuarto,Alberdi Norte,Río Cuarto,,gabryelbustos@gmail.com,"BUSTOS, CLAUDIO GABRIEL",3571571182,,,,147,,,,,,
Común,Primario,Privado,Urbano,140140800,,SILVIA ZUPAN,358-4844373,EE1120354,Mañana,COLEGIO GALILEO GALILEI,"-33.12649672457762, -64.35184385107458","Alvear 1040, X5800 Río Cuarto, Córdoba",Río Cuarto,Centro ,Río Cuarto,,direccionnivelprimario.inicial@gmail.com,"PALOMBARINI, OLGA BEATRIZ",3585091372,,,,250,,,,,,
Común,Primario,Privado,Urbano,140153100,,SILVIA ZUPAN,358-4844373,EE1120352,"Mañana, Tarde",COLEGIO SANTOS ANGELES CUSTODIOS,"-33.10253676679164, -64.34690129185942","Eduardo Jenner 500, X5804 Río Cuarto, Córdoba",Río Cuarto,Banda Norte,Río Cuarto,,colegioangelescustodios@yahoo.com.ar,"LEMOS, SOLEDAD",3584369508,slemos@angeles-sagradario4.edu.ar,1°,NO,359,,,No,No,No,
Común,Primario,Privado,Urbano,140178200,,SILVIA ZUPAN,358-4844373,EE1120345,Tarde,CENTRO EDUCATIVO SAN JUAN DE LA CRUZ,"-33.13132387840937, -64.36746616459422","Av. Pres. Perón Oeste 1321, X5806 GPA, Córdoba",Río Cuarto,Tiro Federal,Río Cuarto,,sanjuan_rioiv@hotmail.com,"MOLINA, SILVINA RITA",3584157592,,,,424,,,,,,
Común,Primario,Privado,Urbano,140213700,,SILVIA ZUPAN,358-4844373,EE1120341,Mañana,COLEGIO CRISTO REY,"-33.12042217268885, -64.34867622221434","Constitución 400, X5800 Río Cuarto, Córdoba",Río Cuarto,Centro ,Río Cuarto,,,,,,,,209,,,,,,
Común,Primario,Privado,Urbano,140300100,,SILVIA ZUPAN,358-4844373,EE1120347,"Mañana, Tarde",COLEGIO SANTA EUFRASIA,"-33.12390009416788, -64.3572648510405","María Olguin 953, X5800 Río Cuarto, Córdoba",Río Cuarto,Centro ,Río Cuarto,,nivelprimario@santaeufrasia.edu.ar,MARCELA ZANGARO,3584322395,mzangaro@santaeufrasia.edu.ar,,,658,,,,,,
Común,Primario,Privado,Urbano,140300300,,SILVIA ZUPAN,358-4844373,EE1120348,Mañana,COLEGIO LA MERCED,"-33.12360219354765, -64.35446973570434","Colón 580, X5800BJK Río Cuarto, Córdoba",Río Cuarto,Centro ,Río Cuarto,,primariolamerced@gmail.com,VANINA CASSINI,3584844373,cassinivanina@gmail.com,,,366,,,,,,
Común,Primario,Privado,Urbano,140300500,,SILVIA ZUPAN,358-4844373,EE1120342,Mañana,COLEGIO ESCUELAS PIAS,"-33.12778380211199, -64.34232817803489","Bv. Gral. Roca 701, X5800 Río Cuarto, Córdoba",Río Cuarto,General Roca,Río Cuarto,,fassanomarina@gmail.com,"FASSANO, MARINA",3585614272,,,,465,,,,,,
Común,Primario,Privado,Urbano,140302000,,SILVIA ZUPAN,358-4844373,EE1120349,Tarde,COLEGIO PARROQUIAL NUESTRA SEÑORA DE LA MERCED,"-33.13357115114343, -64.33425852220626","Belisario Roldán 275, X5808DRE Río Cuarto, Córdoba",Río Cuarto,Alberdi Norte,Río Cuarto,,lanterianolamerced@yahoo.com.ar,"PEREZ, ANA LETICIA",3585092567,,,,468,,,,,,
Común,Primario,Privado,Urbano,140302100,,SILVIA ZUPAN,358-4844373,EE1120346,Tarde,COLEGIO MARIA BENITA ARIAS,"-33.13970634485567, -64.33452313570699","Montevideo 751, X5800 Río Cuarto, Córdoba",Río Cuarto,Alberdi Norte,Río Cuarto,,nivelprimario@hembaedu.com,"BAGGINI, MARIA SOLEDAD",3584305849,,,,400,,,,,,
Común,Primario,Privado,Urbano,140348000,,SILVIA ZUPAN,358-4844373,EE1120939,Mañana,INSTITUTO SAN IGNACIO DE LOYOLA,"-33.10709602079219, -64.36166312037356","Guardias Nacionales 1400, X5806 Río Cuarto, Córdoba",Río Cuarto,Villa Dalcar,Río Cuarto,,primario@colegiosanignacio.edu.ar,"ZUFFIAURRE, MARIA DEL CARMEN",3585045803,,,,284,,,,,,
Común,Primario,Privado,Urbano,140375900,,SILVIA ZUPAN,358-4844373,EE1120351,Tarde,COLEGIO MERCEDES DEL NIÑO JESUS,"-33.10211982463195, -64.3383257510441","Victor Hugo 885, X5804 Río Cuarto, Córdoba",Río Cuarto,Banda Norte,Río Cuarto,,bossapatricia11@gmail.com,"BOSSA, PATRICIA ALEJANDRA",3585098134,,,,509,,,,,,
Común,Primario,Privado,Urbano,140382300,,SILVIA ZUPAN,358-4844373,EE1120343,Mañana,COLEGIO NUESTRA SEÑORA DEL CARMEN,"-33.12224926354206, -64.34401033573303","Baigorria 373, X5800CQG Río Cuarto, Córdoba",Río Cuarto,Centro ,Río Cuarto,,primario@colegiodelcarmenrio4.edu.ar,"BUENO, CECILIA ANDREA",3584249523,,,,377,,,,,,
Común,Primario,Privado,Urbano,140439200,,SILVIA ZUPAN,358-4844373,EE1120353,"Mañana, Tarde",COLEGIO CONCORDIA,"-33.14905219379098, -64.35152427803673","Pedro Vargas 260, X5802 Río Cuarto, Córdoba",Río Cuarto,Industrial,Río Cuarto,,direccionprimaria@concordia-riocuarto.edu.ar,"TALLONI, MARÍA LUJAN",3584332168,,,,420,,,,,,
Común,Primario,Privado,Urbano,140457100,,SILVIA ZUPAN,358-4844373,EE1120225,Mañana,ESCUELA DE AGRONOMIA DE RIO IV,"-33.11656896522118, -64.34926630684325","Eliseo Sanchez 235, X5800 Río Cuarto, Córdoba",Río Cuarto,Centro ,Río Cuarto,,marialaurasabatini@hotmail.com,MARIELA DELGADO,3584384602,,,,130,,,,,,
Común,Primario,Privado,Urbano,140503600,,SILVIA ZUPAN,358-4844373,EE1510955,Mañana,COLEGIO ITALO ARGENTINO DANTE ALIGHIERI,"-33.11219972967107, -64.37224313758367","Lorenzo Suárez de Figueroa 2051, X5806IQK Río Cuarto, Córdoba",Río Cuarto,Villa Dalcar,Río Cuarto,,bravoabelen@danteriocuarto.edu.ar,"BRAVO, ANA BELEN",3584384885,,,,183,,,,,,
Común,Primario,Privado,Urbano,140531400,,SILVIA ZUPAN,358-4844373,EE1120946,Mañana,INSTITUTO DIVINO NIÑO,"-33.163661000443156, -64.35929863571327","Av. Amadeo Sabattini 4200, X5800 Río Cuarto, Córdoba",Río Cuarto,Las Ferias,Río Cuarto,,institutodv@hotmail.com,"GONZALEZ, ORLANDO DANIEL",3586545768,,,,4,,,,,,
Común,Primario,Privado,Urbano,140539700,,SILVIA ZUPAN,358-4844373,EE 1120933,Tarde,COLEGIO LEONARDO DA VINCI,"-33.156956452346506, -64.36605240870367","Glauce Helen Baldovin 3500, X5800 Río Cuarto, Córdoba",Río Cuarto,Industrial,Río Cuarto,,psagastume@ldv.edu.ar,"SAGASTUME, PATRICIA",3585611666,,,,140,,,,,,
Común,Primario,Privado,Urbano,140548500,,SILVIA ZUPAN,358-4844373,EE1120910,Mañana,INSTITUTO EDUCATIVO JOCKEY CLUB RIO CUARTO,"-33.131465925120324, -64.37428347804924","Av. Pres. Perón Oeste 1605, X5806GPD Río Cuarto, Córdoba",Río Cuarto,Tiro Federal,Río Cuarto,,nivelprimario@iejcrc.com.ar,"ASTEGIANO, LAURA",3584301287,,,,333,,,,,,
Común,Primario,Privado,Urbano,140557600,,SILVIA ZUPAN,358-4844373,EE1120929,Mañana,INSTITUTO PRIVADO CARSON,"-33.106308597145556, -64.41402733389587","RP30 Km 71, 5800 Río Cuarto, Córdoba",Río Cuarto,Ayres de la Antonia,Río Cuarto,,direccionprimaria@institutocarson.edu.ar,"RINALDI, MARIELA CAROLINA",3584827815,virsoldom@gmail.com,,,103,,,,,,
Común,Primario,Privado,Urbano,140576100,,SILVIA ZUPAN,358-4844373,EE 1520291,Mañana,COLEGIO COMUNIDAD EDUCATIVA OLYMPOS,"-33.10155416087815, -64.3486171068728","Isabel la Católica 735, X5800 Río Cuarto, Córdoba",Río Cuarto,Banda Norte,Río Cuarto,,marianelaabrunet@gmail.com,"BRUNET, MARIANELA ANAHI",3402533515,,,,56,,,,,,
Común,Primario,Privado,Urbano,140579100,,SILVIA ZUPAN,358-4844373,EE1520293,Mañana,COLEGIO INSTITUTO KEPLER,"-33.10864685507768, -64.32016010690056","Achalay 1250, X5804 Río Cuarto, Córdoba",Río Cuarto,Banda Norte,Río Cuarto,,isabelrusso68@gmail.com,"RUSSO, NORMA ISABEL",3513088594,isabelrusso68@gmail.com,,,21,,,,,,
Común,Secundario,Público,Urbano,140178300,I.R. 4 RÍO CUARTO / JUÁREZ CELMAN,ELENA ROSSATTO,0358-154031917,EE0310553,"Mañana, Tarde",Ι.Ρ.Ε.Μ. № 128 DR. MANUEL BELGRANO,"-33.13002214531937, -64.34988043572945","Sobremonte 1357, X5800 Río Cuarto, Córdoba",Río Cuarto,Centro ,Río Cuarto,4676802,EE0310553@me.cba.gov.ar,SILVINA JULIA FERNANDEZ,3584198275,juliatrabajo15@gmail.com,1°,,587,,0,No,Sí,No,
Común,Secundario,Público,Urbano,140299500,I.R. 4 RÍO CUARTO / JUÁREZ CELMAN,ELENA ROSSATTO,0358-154031917,EE0320211,Tarde,Ι.Ρ.Ε.Μ. № 283 FRAY MAMERTO ESQUIU,"-33.12230473456522, -64.34291160688267","Baigorria 463, X5800CQI Río Cuarto, Córdoba",Río Cuarto,Centro ,Río Cuarto,4672912,EE0320211@me.cba.gov.ar,LUCAS OLIVERO,3584188691,lucasmatiasolivero@hotmail.com,1°,,428,,0,Sí,Sí,No,
Común,Secundario,Público,Urbano,140299502,I.R. 4 RÍO CUARTO / JUÁREZ CELMAN,ELENA ROSSATTO,0358-154031917,EE0310437,Tarde,Ι.Ρ.Ε.Μ. N° 444,"-33.15335658992864, -64.37205063576532","Dr. Carlos Gaudard 3480, X5806 Río Cuarto, Córdoba",Río Cuarto,Ciudad Nueva,Río Cuarto,4676842,EE0311437@me.cba.gov.ar,MARIA FLORENCIA MORALES,3584285605,mariafmorales10@gmail.com,3°,,133,,1,Sí,Sí,No,
Común,Secundario,Público,Urbano,140299600,(04) 05-03  04Rïo Cuarto 05DGES 03Inspección,ERNESTO OLMEDO,0358-154281607,EE0330370,"Mañana, Tarde, Noche",ESC. NORMAL SUPERIOR JUSTO JOSE DE URQUIZA,"-33.126652584800716, -64.35073559337289","Constitución 1040, X5800 Río Cuarto, Córdoba",Río Cuarto,Centro ,Río Cuarto,358 4672917,ee0330370@me.cba.gov.ar / ifd_escuelanormal_urquiza@yahoo.com.ar,"ALEJANDRA GASTALDELLO,   VICED VERÓNICA ARFENONI",358 431-8073,alejandragastaldello@gmail.com,1º,0,979,1018,,Sí,,,
Común,Secundario,Público,Urbano,140299700,I.R. 4 RÍO CUARTO / JUÁREZ CELMAN,ELENA ROSSATTO,0358-154031917,EE0310512,"Mañana, Tarde",Ι.Ρ.Ε.Μ. 95 MARIQUITA SANCHEZ DE THOMPSON,"-33.10290992608234, -64.3351554069006","Manco Cápac 50, X5804 Río Cuarto, Córdoba",Río Cuarto,Banda Norte,Río Cuarto,4672926,EE0310512@me.cba.gov.ar,ANALIA BARBOSA,3584029890,barbosaany71@gmail.com,1°,,933,,0,No,No,No,
Común,Secundario,Público,Urbano,140299900,REGION 4 ZONA 1 RIO CUARTO / JUAREZ CELMAN,DELIA CABALLINI,3584672991,EE0310719,"Mañana, Tarde",Ι.Ρ.Ε.Μ.Υ Τ. № 203 DR. JUAN BAUTISTA DICHIARA,"-33.1272452048372 , -64.3460035233572","Bolívar 335, X5800 Río Cuarto, Córdoba",Río Cuarto,Centro ,Río Cuarto,3584672931,ipem203jbd@gmail.com,SILVIA POMILIO,3584 831480,,1°,,718,672,33,Sí,Sí,No,
Común,Secundario,Público,Urbano,140301300,,DELIA CABALLINI,3584672991,EE0310433,"Mañana, Tarde",Ι.Ρ.Ε.Τ. № 79 ING. RENATO DE MARCO,"-33.15145229795483, -64.34175100875747","Leandro N. Alem 1735, X5808 Río Cuarto, Córdoba",Río Cuarto,Alberdi Norte,Río Cuarto,,ipem79@yahoo.com.ar,MARTINO CLAUDIO,3585608325,,,,400,,,,,,
Común,Secundario,Público,Urbano,140391000,I.R. 4 RÍO CUARTO / JUÁREZ CELMAN,ELENA ROSSATTO,0358-154031917,EE0320210,Mañana,Ι.Ρ.Ε.Μ. № 281 DR. CARLOS A. LUCERO KELLY,"-33.122340676410126, -64.34299743752717","Baigorria 463, X5800CQI Río Cuarto, Córdoba",Río Cuarto,Centro ,Río Cuarto,4672911,EE0320210@me.cba.gov.ar,ANDREA ROSSATTO,3584015758,andrearossatto@hotmail.com,1°,,774,,1,Sí,Sí,No,
Común,Secundario,Público,Urbano,140400300,,DELIA CABALLINI,3584672991,,"Mañana, Tarde, Noche",Ι.Ρ.Ε.Τ. 259 AMBROSIO OLMOS,"-33.122788333476265, -64.3425360933558","Baigorria 527, X5800CQK Córdoba",Río Cuarto,Santa Rosa,Río Cuarto,,ipet259direccion@gmail.com,CARLOS GAITAN,3584 11-8561,,1,,934,,,,,,
Común,Secundario,Público,Urbano,140447400,,DELIA CABALLINI,3584672991,EE0310926,"Mañana, Tarde",Ι.Ρ.Ε.Τ. № 26 JUAN FILLOY,"-33.136597720158086, -64.33524819340157","Belisario Roldán 535, X5808 Río Cuarto, Córdoba",Río Cuarto,Alberdi Norte,Río Cuarto,,ipet26gestion@gmail.com,LASCANO ASTRADA M. ANDREA,3585041961,mariaandrealascano@gmail.com,,,508,,,,,,
Común,Secundario,Público,Urbano,140447500,I.R. 4 RÍO CUARTO / JUÁREZ CELMAN,ELENA ROSSATTO,0358-154031917,EE0310927,"Mañana, Tarde",Ι.Ρ.Ε.Μ. 27. DR. RENE FAVALORO,"-33.10586434439739, -64.35596359342487","11 de Noviembre 1150, X5800ACW Río Cuarto, Córdoba",Río Cuarto,San Antonio de Padua,Río Cuarto,4672946,EE0310927@me.cba.gov.ar,ALEJANDRO CANTON,3584170269,alejandrocanton2011@gmail.com,2°,,335,,0,Sí,Sí,No,
Común,Secundario,Público,Urbano,140447600,I.R. 4 RÍO CUARTO / JUÁREZ CELMAN,ELENA ROSSATTO,0358-154031917,EE0310928,"Mañana, Tarde",Ι.Ρ.Ε.Μ. № 28 VILLA DE LA CONCEPCION DEL RIO CUARTO,"-33.10836827550753, -64.31837249340965","Venezuela 950, X5804 Río Cuarto, Córdoba",Río Cuarto,Banda Norte,Río Cuarto,4676805,EE0310928@me.cba.gov.ar,MARIEL GONZÁLEZ,3584115999,marielgonzalez1973@yahoo.com.ar,2°,,384,,0,No,Sí,No,
Común,Secundario,Público,Urbano,140447700,I.R. 4 RÍO CUARTO / JUÁREZ CELMAN,ELENA ROSSATTO,0358-154031917,EE0310929,"Mañana, Tarde",Ι.Ρ.Ε.Μ. № 29 FELIPE GALIZIA,"-33.093274743096245, -64.36712153570346","CERVANTES S/N, RIO CUARTO, CORDOBA",Río Cuarto,Las Quintas,Río Cuarto,4676826,EE0310929@me.cba.gov.ar,MABEL EMILIANI,3584018184,mabelemiliani@yahoo.com.ar,2°,,320,,0,Sí,Sí,No,
Común,Secundario,Público,Urbano,140475700,,DELIA CABALLINI,3584672991,,Mañana,Ι.Ρ.Ε.Τ. Ν° 314. LIBERTADOR GENERAL DON JOSE DE SAN MARTIN,"-33.13605381903504, -64.31705513571511","Güemes 1600, X5808 Río Cuarto, Córdoba",Río Cuarto,Alberdi Norte,Río Cuarto,,ipet314direccion@gmail.com,SOMARE LUCIANA,3585089076,,,,273,,,,,,
Común,Secundario,Público,Urbano,140504700,I.R. 4 RÍO CUARTO / JUÁREZ CELMAN,ELENA ROSSATTO,0358-154031917,EE0310948,"Mañana, Tarde",Ι.Ρ.Ε.Μ. № 330 EDGARDO ROBERTO PRAMPARO,"-33.16001596018289, -64.35934216452424","Av. Amadeo Sabattini 4000, Río Cuarto, Córdoba",Río Cuarto,Las Ferias,Río Cuarto,4676829,EE0310948@me.cba.gov.ar,PABLO BOCCHETTO,3584306950,pabloboccetto@gmail.com,2°,,227,,3,No,No,No,
Común,Secundario,Público,Urbano,140538000,,,,,,Ι.Ρ.Ε.Τ. 362 JUAN ANDRES POLITANO,"-33.12319437807595, -64.36921635106026","Pcia de la Rioja 1620, X5806 Río Cuarto, Córdoba",Río Cuarto,,Río Cuarto,,ipet362jpolitano@gmail.com,SABINI MARIA BELEN,3585099155,,1,,451,,,,,,
Común,Secundario,Público,Urbano,140562400,REGION 4 RIO CUARTO,DELIA CABALLINI,3584672991,EE0311462,"Mañana, Tarde",ESCUELA EXPERIMENTAL CON ENFASIS EN TECNOLOGIAS DE LA INFORMACION Y LA COMUNICACION,"-33.09628842577719, -64.34361489338723","Roberto Payró 970, X5804 Río Cuarto, Córdoba",Río Cuarto,Banda Norte,Río Cuarto,3585093258,riocuarto.ds@escuelasproa.edu.ar,VARISCO VIRGINIA,3585485932,vvarisco@escuelasproa.edu.ar,3°,,148,150,1,Sí,Sí,No,
Común,Secundario,Público,Urbano,140566600,R4 Río Cuarto,DELIA CABALLINI,3584672991,EE0311467,"Tarde, Mañana",ESCUELA EXPERIMENTAL CON ENFASIS EN TECNOLOGIAS DE LA INFORMACION Y LA COMUNICACION,"-33.15055998362882, -64.35197652224838","General Enrique Mosconi 240, X5802 Río Cuarto, Córdoba",Río Cuarto,Industrial,Río Cuarto,,riocuarto.bt@escuelasproa.edu.ar,COSTAMAGNA IRIS SILVANA,3584390249,,,,147,,,,,,
Común,Secundario,Público,Urbano,140577300,REGION 4 ZONA 1 RIO CUARTO / JUAREZ CELMAN,DELIA CABALLINI,3584672991,EE0311500,Mañana,ESCUELA SECUNDARIA DE FORMACION PROFESIONAL Nvas. Tecnologías aplicadas al Agro,"-33.11410030358231, -64.3140420648617","Frua Teresa 1526, X5800 Río Cuarto, Córdoba",Río Cuarto,Banda Norte,Río Cuarto,3584 320154,EE0311500@me.cba.gov.ar,ZANDARÍN ANDREA CRISTINA (Coord.),54 9 3584 320154,escuelaproaagro@gmail.com,3,,74,97,,Sí,Sí,,
Común,Secundario,Privado,Urbano,140090700,DGIPE - TECNICA,CAROL DITTA,351-3986467,,"Mañana, Tarde",INSTITUTO SECUNDARIO SANTA MARIA TERESA GORETTI,"-33.14643605731688, -64.36383295108627","Pje. Antonio Sáenz 2851, X5802CYC Río Cuarto, Córdoba",Río Cuarto,Ingeniero Manuel Pizarro,Río Cuarto,,,,,,,,195,,,,,,
Común,Secundario,Privado,Urbano,140090800,DGEPGP 040601S,SILVIO RASMUSEN,358-4177159,EE1220353,"Mañana, Tarde",INSTITUTO COLEGIO CONCORDIA,"-33.1490521937785, -64.35153500687011","Pedro Vargas 260, X5802 Río Cuarto, Córdoba",Río Cuarto,Industrial,Río Cuarto,,EE1220353@me.cba.gov.ar,FUNES SOFIA ROSANA,3586016282,sofiafunes1974@yahoo.com.ar,2°,,414,,6,No,No,No,
Común,Secundario,Privado,Urbano,140140000,DGEPGP 040601S,SILVIO RASMUSEN,358-4177159,EE1240222,"Mañana, Tarde",INSTITUTO PRIVADO LA SAGRADA FAMILIA,"-33.10265518799575, -64.34696257990258","Eduardo Jenner 500, X5804 Río Cuarto, Córdoba",Río Cuarto,Banda Norte,Río Cuarto,,EE1240222@me.cba.gov.ar,HILDMANN LAURA ROSANA,3584189930,laurahildmann23@gmail.com,1°,,354,,15,No,No,,
Común,Secundario,Privado,Urbano,140140002,DGEPGP 040601S,SILVIO RASMUSEN,358-4177159,EE1240222,"Mañana, Tarde",INSTITUTO LA SAGRADA FAMILIA - ANEXO B OBRERO -,"-33.14752911344595, -64.33083031805995","Aníbal Ponce 1262, X5808 Río Cuarto, Córdoba",Río Cuarto,Alem,Río Cuarto,,EE1240222@me.cba.gov.ar,BAIGORRIA CECILIA,3585090310,mcbaigorria@yahoo.com.ar,1°,,115,,16,No,No,No,
Común,Secundario,Privado,Urbano,140153300,DGIPE - TECNICA,CAROL DITTA,351-3986467,,"Mañana, Tarde",ESCUELA DE AGRONOMIA DE RIO CUARTO: INSTITUTO AGROTECNICO Y ORIENTADO EN CIENCIAS NATURALES,"-33.113864427338804, -64.34986805252024","Av. Godoy Cruz 742, X5800 Río Cuarto, Córdoba",Río Cuarto,Centro ,Río Cuarto,,,IRUSTA LAURA,,,,,324,,,,,,
Común,Secundario,Privado,Urbano,140176600,DGEPGP 040601S,SILVIO RASMUSEN,358-4177159,EE1220773,Mañana,COLEGIO LA MERCED,"-33.123611178881745, -64.35450192223314","Colón 580, X5800BJK Río Cuarto, Córdoba",Río Cuarto,Centro ,Río Cuarto,,EE1220773@me.cba.gov.ar,BARTOLOME MARIA GABRIELA,261-6902890,secundariolamerced@gmail.com,2°,,369,,0,No,No,No,
Común,Secundario,Privado,Urbano,140177800,DGEPGP 040601S,SILVIO RASMUSEN,358-4177159,EE1240226,Mañana,INSTITUTO SAN JUAN DE LA CRUZ,"-33.13129692477669, -64.3674768933854","Av. Pres. Perón Oeste 1321, X5806 GPA, Córdoba",Río Cuarto,Tiro Federal,Río Cuarto,,EE124022@me.cba.gov.ar,RICCI SERGIO GABRIEL,3585625830,sgricciverri@yahoo.com.ar,2°,,407,,8,Sí,Sí,No,
Común,Secundario,Privado,Urbano,140188200,DGEPGP 040601S,SILVIO RASMUSEN,358-4177159,EE1240215,Mañana,INSTITUTO SAN BUENAVENTURA,"-33.12229397631815, -64.35074779338365","San Martín 250, X5800 Río Cuarto, Córdoba",Río Cuarto,Centro ,Río Cuarto,,EE1240215@me.cba.gov.ar,BERARDO CAMILA BEATRIZ,3584304999,cberardo@sanbuenaventurariocuarto.edu.ar,1°,,631,,1,Sí,Sí,No,
Común,Secundario,Privado,Urbano,140193800,DGEPGP 040601S,SILVIO RASMUSEN,358-4177159,EE1240214,Mañana,INSTITUTO NUESTRA SEÑORA DEL CARMEN,"-33.12229419087207, -64.34401033572499","Baigorria 373, X5800CQG Río Cuarto, Córdoba",Río Cuarto,Centro ,Río Cuarto,,EE1240214@me.cba.gov.ar,BONGIOVANNI MONICA MARTA,3585073816,bongiovannimonicamarta@gmail.com,2°,,395,,10,Sí,Sí,No,
Común,Secundario,Privado,Urbano,140213500,DGEPGP 040601S,SILVIO RASMUSEN,358-4177159,EE1240213,Mañana,INSTITUTO CRISTO REY,"-33.12044014398441, -64.34867622215877","Constitución 400, X5800 Río Cuarto, Córdoba",Río Cuarto,Centro ,Río Cuarto,,EE1240213@me.cba.gov.ar,SANCHEZ URRETA JORGELINA,3584023992,jsanchezurreta@cristoreyriocuarto.edu.ar,2°,,277,,2,Sí,No,No,
Común,Secundario,Privado,Urbano,140300600,DGEPGP 040601S,SILVIO RASMUSEN,358-4177159,EE1240220,Mañana,INSTITUTO ESCUELAS PIAS DE RIO CUARTO,"-33.127792787011686, -64.34241400873144","Bv. Gral. Roca 701, X5800 Río Cuarto, Córdoba",Río Cuarto,General Roca,Río Cuarto,,EE1240220@me.cba.gov.ar,SCOPPA JUAN CARLOS,3584909091,juancarlosscoppa@hotmail.com,2°,,424,,1,Sí,No,No,
Común,Secundario,Privado,Urbano,140302200,DGEPGP 040601S,SILVIO RASMUSEN,358-4177159,EE1220771,Mañana,INSTITUTO LANTERIANO NUESTRA SEÑORA DE LA MERCED,"-33.13349029229041, -64.33424779339892","Belisario Roldán 275, X5808DRE Río Cuarto, Córdoba",Río Cuarto,Alberdi Norte,Río Cuarto,,EE1220771@me.cba.gov.ar,ARDISSONE PATRICIA MARICEL,3584290208,pardissone@lanteriano.edu.ar,1°,,501,,6,Sí,Sí,No,
Común,Secundario,Privado,Urbano,140348300,DGEPGP 040601S,SILVIO RASMUSEN,358-4177159,EE1220354,Mañana,INSTITUTO GALILEO GALILEI,"-33.126442814339136, -64.35180093567028","Alvear 1040, X5800 Río Cuarto, Córdoba",Río Cuarto,Centro ,Río Cuarto,,EE1220354@me.cba.gov.ar,MOLINS ALEJANDRO,3585082085,gringomolins@gmail.com,2°,,291,,2,Sí,Sí,No,
Común,Secundario,Privado,Urbano,140436700,DGEPGP 040601S,SILVIO RASMUSEN,358-4177159,EE1220346,Mañana,INSTITUTO HOGAR ESCUELA MARIA BENITA ARIAS,"-33.13965244273261, -64.33459823756482","Montevideo 751, X5800 Río Cuarto, Córdoba",Río Cuarto,Pueblo Alberdi,Río Cuarto,,EE1220346@me.cba.gov.ar,MARCHETTI MIRIAM CLAUDIA,3584312094,marchettimiriamc@gmail.com,3°,,210,,15,Sí,No,No,
Común,Secundario,Privado,Urbano,140436900,DGEPGP 040601S,SILVIO RASMUSEN,358-4177159,EE1220939,"Mañana, Tarde",INSTITUTO BILINGÜE SAN IGNACIO DE LOYOLA,"-33.10706905971894, -64.36166312033859","Guardias Nacionales 1400, X5806 Río Cuarto, Córdoba",Río Cuarto,Villa Dalcar,Río Cuarto,,EE1220939@me.cba.gov.ar,BETTIOL SILVANA ,3584170150,sbettiol@colegiosanignacio.edu.ar,3°,,227,,0,Sí,Sí,No,
Común,Secundario,Privado,Urbano,140439900,DGEPGP 040601S,SILVIO RASMUSEN,358-4177159,EE1220780,Mañana,INSTITUTO HISPANO ARGENTINO,"-33.12126581654451, -64.34851457805823","Fotheringham 68, X5800DGA Río Cuarto, Córdoba",Río Cuarto,Centro ,Río Cuarto,,EE1220780@me.cba.gov.ar,GONZALEZ GABRIEL,3584826333,gaby.mara@hotmail.com,2°,,324,,7,No,No,Sí,
Común,Secundario,Privado,Urbano,140474100,DGEPGP 040601S,SILVIO RASMUSEN,358-4177159,EE1260236,Mañana,INSTITUTO LEONARDO DA VINCI,"-33.15696543427076, -64.36598803567118","Glauce Helen Baldovin, X5800 Río Cuarto, Córdoba",Río Cuarto,Industrial,Río Cuarto,,EE1260236@me.cba.gov.ar,SAVINI MARÍA FERNANDA,3585098983,mariafernandasavini@gmail.com,2°,,185,,0,No,Sí,No,
Común,Secundario,Privado,Urbano,140488000,DGEPGP 040601S,SILVIO RASMUSEN,358-4177159,EE1220347,Mañana,INSTITUTO SANTA EUFRASIA,"-33.123404807813564, -64.35627029343026","Colón 733, X5800DKO Río Cuarto, Córdoba",Río Cuarto,Centro ,Río Cuarto,,EE1220347@me.cba.gov.ar,COMUGNARO MARIA GABRIELA,3585077177,gabycomugnaro@hotmail.com,1°,,726,,38,Sí,Sí,No,
Común,Secundario,Privado,Urbano,140523400,DGEPGP 040601S,SILVIO RASMUSEN,358-4177159,EE1220948,Mañana,INSTITUTO SUPERIOR MARIA INMACULADA,"-33.11885521285207, -64.34009043571157","Int. Dr. Jaime Gil 625, X5800CVM Río Cuarto, Córdoba",Río Cuarto,Santa Rosa,Río Cuarto,,EE1220948@me.cba.gov.ar,FULCHIERI ROSANA,3584235478,fulchierirosana@ismi.edu.ar,3°,,100,,3,Sí,Sí,No,
Común,Secundario,Privado,Urbano,140537400,DGEPGP 040601S,SILVIO RASMUSEN,358-4177159,EE1259507,"Mañana, Tarde",INSTITUTO PRIVADO BILINGÜE ITALO ARGENTINO DANTE ALIGHIERI,"-33.11219972966109, -64.37216803568464","Lorenzo Suárez de Figueroa 2051, X5806IQK Río Cuarto, Córdoba",Río Cuarto,Villa Dalcar,Río Cuarto,,EE1259507@me.cba.gov.ar,MOGLIA BERNARDO ANA EMILIA,3584374733,mogliaana@danteriocuarto.edu.ar,3°,,150,,0,Sí,Sí,No,
Común,Secundario,Privado,Urbano,140544300,DGEPGP 040601S,SILVIO RASMUSEN,358-4177159,EE1220910,Mañana,COMUNIDAD EDUCATIVA ATICA,"-33.101581123637516, -64.34868147994557","Isabel la Católica 735, X5800 Río Cuarto, Córdoba",Río Cuarto,Banda Norte,Río Cuarto,,EE1220910@me.cba.gov.ar,CISNEROS CECILIA,3585088551,ceciliamcisneros3@gmail.com,3°,,148,,2,No,Sí,No,
Común,Secundario,Privado,Urbano,140575300,DGEPGP 040601S,SILVIO RASMUSEN,358-4177159,EE1220990,"Mañana, Tarde",INSTITUTO EDUCATIVO JOCKEY CLUB RIO CUARTO,"-33.13147490966385, -64.3742942069391","Av. Pres. Perón Oeste 1605, X5806GPD Río Cuarto, Córdoba",Río Cuarto,Parque Bimaco,Río Cuarto,,EE1220990@me.cba.gov.ar,AMBROGGIO NICOLAS MANUEL,3585623289,nicomanuelambroggio@gmail.com,3°,,179,,,,,,
Común,Secundario,Privado,Urbano,140577700,DGEPGP 040601S,SILVIO RASMUSEN,358-4177159,EE1220991,Mañana,INSTITUTO EDUCATIVO SOCIEDAD RURAL RIO CUARTO,"-33.15572839527144, -64.35906649335493","Av. Amadeo Sabattini 3801, X5802 Río Cuarto, Córdoba",Río Cuarto,Las Ferias,Río Cuarto,,EE1220991@me.cba.gov.ar,PRAMPARO MARIA CLARA,3585604431,clarapramparo@gmail.com,3°,,82,,11,No,Sí,No,
Común,Secundario,Privado,Urbano,140582100,DGEPGP 040601S,SILVIO RASMUSEN,358-4177159,EE1220993,Mañana,INSTITUTO ADA BYRON,"-33.10071777142702, -64.36815906452613","Wenceslao Tejerina Nte. 783, X5800 Río Cuarto, Córdoba",Río Cuarto,Villa Dalcar,Río Cuarto,,EE1220993@me.cba.gov.ar,RIOS MARIA FLORENCIA,3512327690,f.rios@itecriocuarto.org.ar,3°,,13,,7,Sí,Sí,No,
Adultos,"Superior, Secundario",Público,Urbano,140177400,040503 DGES INSPIII,ERNESTO OLMEDO,358 428-1607,EE0310303                                                              EE0310339,"Mañana, Tarde, Noche",CONSERVATORIO SUPERIOR DE MUSICA JULIAN AGUIRRE,"-33.10297551362134, -64.33587359337287","Córdoba 960, X5804FVP Río Cuarto, Córdoba",Río Cuarto,Banda Norte,Río Cuarto,,julianaguirreconservatorio@gmail.com,GABRIELA QUESADA,358 419-3270,gabymquesada@yahoo.com.ar,1º,0,CAV - CAVI 225                                    Superior 101,CAV - CAVI 216                                                         Superior 186,0,No,,,
Adultos,"Superior, Secundario",Público,Urbano,140194000,040503 DGES INSPIII,ERNESTO OLMEDO,358 428-1607,EE0310308     EE0310330,"Mañana, Tarde, Noche",ESCUELA SUPERIOR DE BELLAS ARTES LIBERO PIERINI,"-33.11705269416464, -64.3478505068638","Av. España 171, X5800 Río Cuarto, Córdoba",Río Cuarto,Centro ,Río Cuarto,,esbaliberopierini@gmail.com,FERNANDO DEHAES,358 560-8149,fernando_dehaes@hotmail.com,1º,0,TALLERES 200       Superior 273,CAV - CAVI 244                       Superior 747,1,Sí,,,
Adultos,Superior,Público,Urbano,140299600,040503 DGES INSPIII,ERNESTO OLMEDO,358 428-1607,EE0330371,"Mañana, Tarde, Noche",ESC. NORMAL SUPERIOR JUSTO JOSE DE URQUIZA,"-33.12661664472274, -64.35071413567924","Constitución 1040, X5800 Río Cuarto, Córdoba",Río Cuarto,Centro ,Río Cuarto,358 4672917,ee0330371@me.cba.gov.ar,ALEJANDRA GASTALDELLO,358 431-8073,alejandragastaldello@gmail.com,1º,0,262,1711,0,Sí,,,
Adultos,Superior,Público,Urbano,140299602,040503 DGES INSPIII,ERNESTO OLMEDO,SE CONCENTRO TODO EN URQUIZA SEDE,,,ESC. NORMAL SUPERIOR JUSTO JOSE DE URQUIZA ANEXO EXTENSION AULICA RIO CUARTO,"-33.12730191619422, -64.34606026454132","Bolívar 335, X5800 Río Cuarto, Córdoba",Río Cuarto,Centro ,Río Cuarto,,,,,,,,222,,,,,,
Adultos,Superior,Público,Urbano,140299800,040503 DGES INSPIII,ERNESTO OLMEDO,358 428-1607,EE0310106,"Mañana, Tarde, Noche",INST. SUP. RAMON MENENDEZ PIDAL,"-33.10351128930591, -64.33584585104589","Av. Gral. José Garibaldi 50, X5804 Río Cuarto, Córdoba",Río Cuarto,Banda Norte,Río Cuarto,3584672919,isfdramonpidal50@gmail.com,SERGIO DAGHERO,3585620709,sergiodaghero13@gmail.com,1º,0,291,990,0,No,,,
Adultos,Superior,Público,Urbano,140513104,,,,,,ESCUELA DE SUBOFICIALES Y AGENTES GRAL MANUEL BELGRANO ANEXO RIO CUARTO,"-33.15152908581984, -64.34821857810398","General Enrique Mosconi 486, X5808 Río Cuarto, Córdoba",Río Cuarto,Banda Norte,Río Cuarto,,,,,,,,115,,,,,,
Adultos,Superior,Privado,Urbano,140400400,,,,,,INSTITUTO TECNOLOGICO RIO CUARTO (ITEC),"-33.10160808638199, -64.34863856452607","Isabel la Católica 735, X5800 Río Cuarto, Córdoba",Río Cuarto,Banda Norte,Río Cuarto,,,,,,,,447,,,,,,
Adultos,Superior,Privado,Urbano,140443600,,,,,,PROFESORADO EN CIENCIA SAGRADA JESUS BUEN PASTOR,"-33.09213235962667, -64.31126305790168","Blvd. Obispo Leopoldo Buteler 2600, Río Cuarto, Córdoba",,Barrios Unidos,Río Cuarto,,,,,,,,16,,,,,,
Adultos,Superior,Privado,Urbano,140448300,,,,,,INSTITUTO SUPERIOR CERVANTES,"-33.12367843779809, -64.34652335108356","Belgrano 200, X5800 Río Cuarto, Córdoba",Río Cuarto,Centro ,Río Cuarto,,,,,,,,59,,,,,,
Adultos,Superior,Privado,Urbano,140463300,,,,,,INSTITUTO SUPERIOR CRUZ ROJA ARGENTINA,"-33.13287212816509, -64.34951373567206","Kowalk 168, X5800 Río Cuarto, Córdoba",Río Cuarto,Centro ,Río Cuarto,,,,,,,,149,,,,,,
Adultos,Superior,Privado,Urbano,140510106,,,,,,INST. SEP SAN NICOLAS ANEXO RIO CUARTO,"-33.12430245402778, -64.34041810689436","25 de Mayo 772, X5800 Río Cuarto, Córdoba",Río Cuarto,Santa Rosa,Río Cuarto,,,,,,,,112,,,,,,
Adultos,Superior,Privado,Urbano,140523400,,,,,,INSTITUTO SUPERIOR MARIA INMACULADA,"-33.11881028374374, -64.34009043570798","Int. Dr. Jaime Gil 625, X5800CVM Río Cuarto, Córdoba",Río Cuarto,Santa Rosa,Río Cuarto,,,,,,,,122,,,,,,
Adultos,Primario,Público,Urbano,140091800,40801,BIOTTI CLAUDIA PATRICIA,3385432917,EE0111274,Noche,ESCUELA NOCTURNA PAULA ALBARRACIN DE SARMIENTO,"-33.1366246721555, -64.3352696510414","Belisario Roldán 535, X5808 Río Cuarto, Córdoba",Río Cuarto,Alberdi Norte,Río Cuarto,0358-4669965,EE0111274@me.cba.gov.ar,Prof. Dania Rozzi,3585073405,rozzidania@gmail.com,3,NO,17,,,Sí,No,No,
Adultos,Primario,Público,Urbano,140091801,40801,BIOTTI CLAUDIA PATRICIA,3385432917,EE0111274,Noche,ESCUELA NOCTURNA PAULA ALBARRACIN DE SARMIENTO - ANEXO MALABIA,"-33.14590489011867, -64.32764632221252","José Severo Malavia & Adelia María, X5808 Río Cuarto, Córdoba",Río Cuarto,Pueblo Alberdi,Río Cuarto,,EE0111274@me.cba.gov.ar,Prof. Dania Rozzi,3585073405,rozzidania@gmail.com,3,,12,,,Sí,,No,
Adultos,Primario,Público,Urbano,140091802,40801,BIOTTI CLAUDIA PATRICIA,3385432917,EE0111274,Noche,ESCUELA NOCTURNA PAULA ALBARRACIN DE SARMIENTO ANEXO EXTENSION AULICA LAS DELICIAS,"-33.135152948920506, -64.31706847994022","Fray Quirico Porreca 1310, X5804 Río Cuarto, Córdoba",Río Cuarto,Las Delicias,Río Cuarto,,EE0111274@me.cba.gov.ar,Prof. Dania Rozzi,3585073405,rozzidania@gmail.com,3,,15,,,Sí,No,No,
Adultos,Primario,Público,Urbano,140214200,40801,BIOTTI CLAUDIA PATRICIA,3385432917,EE0111232,Noche,ESCUELA NOCTURNA DR.SANTIAGO ARIAS DE CABRERA,"-33.12286037742558, -64.34223834916217","Baigorria 552, X5800CQK Río Cuarto, Córdoba",Río Cuarto,Centro ,Río Cuarto,,EE0111232@me.cba.gov.ar,Lic. Veronica Gentile ,3585 14-7489,vagentile@yahoo.com,3,,25,,,,Sí,,
Adultos,Primario,Público,Urbano,140214201,40801,BIOTTI CLAUDIA PATRICIA,3385432917,EE0111232,Noche,ESCUELA NOCTURNA DR.SANTIAGO ARIAS DE CABRERA - ANEXO ISLAS MALVINAS,"-33.153410483633024, -64.3720291780681","Dr. Carlos Gaudard 3480, X5806 Río Cuarto, Córdoba",Río Cuarto,Ciudad Nueva,Río Cuarto,,EE0111232@me.cba.gov.ar,Lic. Veronica Gentile ,3585 14-7489,vagentile@yahoo.com,3,,20,,,,,,
Adultos,Primario,Público,Urbano,140214202,40801,BIOTTI CLAUDIA PATRICIA,3385432917,EE0111232,Mañana,ESCUELA NOCTURNA DR.SANTIAGO ARIAS DE CABRERA ANEXO N°1,"-33.14434145280489, -64.35626313572226","Av. Amadeo Sabattini 2652, X5802 Río Cuarto, Córdoba",Río Cuarto,Ingeniero Manuel Pizarro,Río Cuarto,,EE0111232@me.cba.gov.ar,Lic. Veronica Gentile ,3585 14-7489,vagentile@yahoo.com,3,,53,,,,,,
Adultos,Primario,Público,Urbano,140091807,40801,BIOTTI CLAUDIA PATRICIA,3385432917,EE0111274,Noche,ESCUELA NOCTURNA PAULA ALBARRACIN DE SARMIENTO EXTENSION AULICA B BANDA NORTE,"-33.102842445983995, -64.33502723048103","Manco Cápac 50, X5804 Río Cuarto, Córdoba",Río Cuarto,Banda Norte,Río Cuarto,,EE0111274@me.cba.gov.ar,Prof. Dania Rozzi,3585073405,rozzidania@gmail.com,3,,16,,,,,,
Adultos,Primario,Público,Urbano,140214205,40801,BIOTTI CLAUDIA PATRICIA,3385432917,EE0111232,Noche,ESCUELA NOCTURNA DR.SANTIAGO ARIAS DE CABRERA ANEXO EXT. AULICA Bº LOMITAS DE ORO,"-33.11835355451025, -64.37072740688178","Antonio F. Lucero 740, X5806 Río Cuarto, Córdoba",Río Cuarto,Lomitas de Oro,Río Cuarto,,EE0111232@me.cba.gov.ar,Lic. Veronica Gentile ,3585 14-7489,vagentile@yahoo.com,3,,24,,,,,,
Adultos,Primario,Público,Urbano,140214208,40801,BIOTTI CLAUDIA PATRICIA,3385432917,EE0111232,Noche,ESCUELA NOCTURNA DR.SANTIAGO ARIAS DE CABRERA ANEXO EXT AUL B° ROQUE SAENZ PEÑA,"-33.1274032711868, -64.36887627805821","Sadi Carnot 1515, X5806IFK Río Cuarto, Córdoba",Río Cuarto,Roque Sáenz Peña,Río Cuarto,,EE0111232@me.cba.gov.ar,Lic. Veronica Gentile ,3585 14-7489,vagentile@yahoo.com,3,,22,,,,,,
Adultos,Secundario,Público,Urbano,140140900,40801,BIOTTI CLAUDIA PATRICIA,3385432917,EE0110352,Noche,C.Ε.Ν.Μ.Α. № 73 DR. ARTURO JAURETCHE,"-33.12994822637646, -64.34991008837541","Sobremonte 1357, X5800 Río Cuarto, Córdoba",Río Cuarto,Centro ,Río Cuarto,No,EE0110352@me.cba.gov.ar,"MORAGUES PIZZIO, EGLE ELENA",358-5079086,eglemora3@gmail.com,3,,108,,,,,,
Adultos,Secundario,Público,Urbano,140140904,40801,BIOTTI CLAUDIA PATRICIA,3385432917,EE0115035,Tarde,C.Ε.Ν.Μ.Α. Ν° 73 DR. ARTURO JAURETCHE ANEXO N° 01,"-33.14431450318144, -64.35625240689069","Av. Amadeo Sabattini 2652, X5802 Río Cuarto, Córdoba",Río Cuarto,General Paz,Río Cuarto,0358-4672980,EE0115035@me.cba.gov.ar,"MORAGUES PIZZIO, EGLE ELENA",358-5079086,eglemora3@gmail.com,3,,141,,,,,,
Adultos,Secundario,Público,Urbano,140140906,40801,BIOTTI CLAUDIA PATRICIA,3385432917,EE0117044,Noche,C.Ε.Ν.Μ.Α. № 73 DR. ARTURO JAURETCHE ANEXO SEDE EDUCACION A DISTANCIA,"-33.12988863708043, -64.35021777807526","Sobremonte 1353, X5800ABA Río Cuarto, Córdoba",Río Cuarto,Centro ,Río Cuarto,0358-4669965,EE0117044@me.cba.gov.ar,"MORAGUES PIZZIO, EGLE ELENA",358-5079086,eglemora3@gmail.com,3,,63,,,,,,
Adultos,Secundario,Público,Urbano,140140911,40801,BIOTTI CLAUDIA PATRICIA,3385432917,EE0115153,Noche,C.Ε.Ν.Μ.Α. № 73 DR. ARTURO JAURETCHE - ANEXO CIUDAD NUEVA,"-33.15338353678861, -64.37201844923563","Dr. Carlos Gaudard 3480, X5806 Río Cuarto, Córdoba",Río Cuarto,Ciudad Nueva,Río Cuarto,No,EE0115153@me.cba.gov.ar,"MORAGUES PIZZIO, EGLE ELENA",358-5079086,eglemora3@gmail.com,3,,58,,,,,,
Adultos,Secundario,Público,Urbano,140140912,40801,BIOTTI CLAUDIA PATRICIA,3385432917,EE0115182,Noche,C.Ε.Ν.Μ.Α. № 73 DR. ARTURO JAURETCHE ANEXO BARRIO PIZARRO,"-33.14826336124542, -64.36519193570074","Geronimo del Barco 3075, X5802CWA Río Cuarto, Córdoba",Río Cuarto,Ingeniero Manuel Pizarro,Río Cuarto,0358-4676802,EE0115182@me.cba.gov.ar,"MORAGUES PIZZIO, EGLE ELENA",358-5079086,eglemora3@gmail.com,3,,59,,0,Sí,Sí,No,
Adultos,Secundario,Público,Urbano,140140914,40801,BIOTTI CLAUDIA PATRICIA,3385432917,EE0117223,Tarde,C.Ε.Ν.Μ.Α. № 73 DR. ARTURO JAURETCHE ANEXO SEDE LIBERO PIERINI,"-33.117052694156754, -64.34789342219013","Av. España 171, X5800 Río Cuarto, Córdoba",Río Cuarto,Centro ,Río Cuarto,No,EE0117223@me.cba.gov.ar,"MORAGUES PIZZIO, EGLE ELENA",358-5079086,eglemora3@gmail.com,3,,54,,,,,,
Adultos,Secundario,Público,Urbano,140140915,40801,BIOTTI CLAUDIA PATRICIA,3385432917,EE0115191,Tarde,C.Ε.Ν.Μ.Α. № 73 DR. ARTURO JAURETCHE ANEXO Bº SAN MARTIN,"-33.09987533275305, -64.35054256455923","Ruy Díaz de Guzmán 499, X5804 Río Cuarto, Córdoba",Río Cuarto,San Martín,Río Cuarto,No,EE0115191@me.cba.gov.ar,"MORAGUES PIZZIO, EGLE ELENA",358-5079086,eglemora3@gmail.com,3,,32,,,,,,
Adultos,Secundario,Público,Urbano,140176301,40801,BIOTTI CLAUDIA PATRICIA,3385432917,EE0117040,Noche,C.Ε.Ν.Μ.Α. 243 ΑΝEXO SEDE AGEC,"-33.1194130992459, -64.35024066454312","Cabrera 331, X5800 Río Cuarto, Córdoba",Río Cuarto,Centro ,Río Cuarto,NO,EE0117040@me.cba.gov.ar,CANALE SILVIA ISABEL,3582437173,silviaisabelbosco@gmail.com,3,,81,,,,,,
Adultos,Secundario,Público,Urbano,140176400,40801,BIOTTI CLAUDIA PATRICIA,3385432917,EE0110235,Noche,C.Ε.Ν.Μ.Α. № 24,"-33.121902119746856, -64.34300406522568","Baigorria 463, X5800CQI Río Cuarto, Córdoba",Río Cuarto,Centro ,Río Cuarto,0358-4672911,EE0110235@me.cba.gov.ar,"Prof. Blanco, Mirta",3584377232,mirta_bblanco@hotmail.com,3,,49,,1,Sí,Sí,No,
Adultos,Secundario,Público,Urbano,140176402,40801,BIOTTI CLAUDIA PATRICIA,3385432917,EE0117198,Mañana,C.Ε.Ν.Μ.Α. № 24 SEDE MUNICIPALIDAD,"-33.12307939247704, -64.34666152216676","Belgrano 200, X5800 Río Cuarto, Córdoba",Río Cuarto,Centro ,Río Cuarto,NO,EE0110235@me.cba.gov.ar,"Prof. Blanco, Mirta",3584377232,mirta_bblanco@hotmail.com,3,,106,,2,Sí,Sí,No,
Adultos,Secundario,Público,Urbano,140176406,40801,BIOTTI CLAUDIA PATRICIA,3385432917,EE0115118,Noche,C.Ε.Ν.Μ.Α. Ν° 24 - ΑΝΕXO BARRIO ALBERDI,"-33.136642640150264, -64.33524819338632","Belisario Roldán 535, X5808 Río Cuarto, Córdoba",Río Cuarto,Alberdi Norte,Río Cuarto,0358-4669965,EE0115118@me.cba.gov.ar,"Prof. Blanco, Mirta",3584377232,mirta_bblanco@hotmail.com,3,,46,,1,Sí,No,No,
Adultos,Secundario,Público,Urbano,140176407,40801,BIOTTI CLAUDIA PATRICIA,3385432917,EE0115120,Noche,C.Ε.Ν.Μ.Α. Ν° 24 - ΑΝΕΧΟ Β° ROQUE SAENZ PEÑA,"-33.12341016382742, -64.36891452224036","Pcia de la Rioja 1600, X5806 Río Cuarto, Córdoba",Río Cuarto,Roque Sáenz Peña,Río Cuarto,0358-4676828,EE0110235@me.cba.gov.ar,"Prof. Blanco, Mirta",3584377232,mirta_bblanco@hotmail.com,3,,51,,4,Sí,Sí,No,
Adultos,Secundario,Público,Urbano,140512500,40801,BIOTTI CLAUDIA PATRICIA,3385432917,EE0115101,Noche,CEIJA N° 12 REMEDIOS ESCALADA DE SAN MARTIN,"-33.126625629734065, -64.3507248645682","Constitución 1040, X5800 Río Cuarto, Córdoba",Río Cuarto,Centro ,Río Cuarto,0358-6023409,EE0115101@me.cba.gov.ar,Prof María Noel Olivero,3585409648,marianoelolivero@gmail.com,1,,211,,,Sí,,No,
Adultos,Secundario,Público,Urbano,140512502,40801,BIOTTI CLAUDIA PATRICIA,3385432917,EE0115155,Noche,CEIJA N° 12 REMEDIOS ESCALADA DE SAN MARTIN ANEXO Bº ALBERDI,"-33.135306831526925, -64.31700788949365","Entre Ríos 1600, X5800 Río Cuarto, Córdoba",Río Cuarto,Alberdi Norte,Río Cuarto,0358-4672984,EE0115155@me.cba.gov.ar,Prof María Noel Olivero,3585409648,marianoelolivero@gmail.com,3,,60,,,Sí,,No,
Adultos,Secundario,Público,Urbano,140512503,40801,BIOTTI CLAUDIA PATRICIA,3385432917,EE0115134,Tarde,CEIJA N° 12 REMEDIOS ESCALADA DE SAN MARTIN ANEXO BERTA PERASSI,"-33.14594980535298, -64.32761413572858","José Severo Malavia & Adelia María, X5808 Río Cuarto, Córdoba",Río Cuarto,Pueblo Alberdi,Río Cuarto,0358-4672832,EE0115134@me.cba.gov.ar,Prof María Noel Olivero,3585409648,marianoelolivero@gmail.com,3,,58,,,,,No,
Adultos,Secundario,Público,Urbano,140512504,40801,BIOTTI CLAUDIA PATRICIA,3385432917,EE0115171,Noche,CEIJA N° 12 REMEDIOS ESCALADA DE SAN MARTIN ANEXO LAS DELICIAS,"-33.120806731033085, -64.32322929339084","Fray Quirico Porreca 1310, X5804 Río Cuarto, Córdoba",Río Cuarto,Las Delicias,Río Cuarto,0358-4689621,EE0115171@me.cba.gov.ar,Prof María Noel Olivero,3585409648,marianoelolivero@gmail.com,3,,52,,0,,,,
Adultos,Secundario,Público,Urbano,140512501,40801,BIOTTI CLAUDIA PATRICIA,3385432917,EE0115116,Noche,CEIJA N° 12 REMEDIOS ESCALADA DE SAN MARTIN ANEXO LAS HIGUERAS,,ESPAÑA 36,Las Higueras,,Las Higueras,,EE0115116@me.cba.gov.ar,Prof María Noel Olivero,3585409648,marianoelolivero@gmail.com,3,,,,,,,,
Adultos,Secundario,Público,Urbano,140545600,40801,BIOTTI CLAUDIA PATRICIA,3385432917,EE0115121,Noche,C.Ε.Ν.Μ.Α. ΒANDA NORTE,"-33.1028649888176, -64.33520905103603","Manco Cápac 50, X5804 Río Cuarto, Córdoba",Río Cuarto,Banda Norte,Río Cuarto,0358-4906959,EE0115121@me.cba.gov.ar,Prof. Sergio Nieva,3584906959,sergiojavier.nieva@me.cba.gov.ar,3,,97,,0,Sí,Sí,No,
Adultos,Secundario,Público,Urbano,140545602,40801,BIOTTI CLAUDIA PATRICIA,3385432917,EE0115119,Noche,C.Ε.Ν.Μ.Α. BANDA NORTE ANEXO BARRIO IPV,"-33.0935825321513, -64.33708262221523","GRITO DE ALCORTA 560, X5804 Río Cuarto, Córdoba",Río Cuarto,Jardín Norte,Río Cuarto,0358-4890216,EE0115180@me.cba.gov.ar,Prof. Sergio Nieva,3584906959,sergiojavier.nieva@me.cba.gov.ar,3,,31,,0,No,Sí,No,
Adultos,Secundario,Público,Urbano,140545603,40801,BIOTTI CLAUDIA PATRICIA,3385432917,EE0117290,Tarde,C.Ε.Ν.Μ.Α. ΒANDA NORTE SEDE LAS FERIAS,,GENERAL ENRIQUE MOSCONI 286,Río Cuarto,Las Ferias,Río Cuarto,,EE0117290@me.cba.gov.ar,Prof. Sergio Nieva,3584906959,sergiojavier.nieva@me.cba.gov.ar,3,,,,0,Sí,Sí,No,
Adultos,Secundario,Privado,Urbano,140188200,DGEPGP 040601S,SILVIO RASMUSEN,358-4177159,EE1240215,Noche,INSTITUTO SAN BUENAVENTURA,"-33.12230296178784, -64.35075852222414","San Martín 250, X5800 Río Cuarto, Córdoba",Río Cuarto,Centro ,Río Cuarto,,EE1240215@me.cba.gov.ar,MERCADO RAMIRO GONZALO,3584204643,rmercado@sanbuenaventurariocuarto.edu.ar,1°,,88,,0,Sí,Sí,No,
Adultos,Secundario,Privado,Urbano,140531400,DGEPGP 040601S,SILVIO RASMUSEN,358-4177159,EE1120901,"Mañana, Tarde",INSTITUTO DIVINO NIÑO,"-33.163634056745686, -64.35932009337643","Av. Amadeo Sabattini 4200, X5800 Río Cuarto, Córdoba",Río Cuarto,Las Ferias,Río Cuarto,,EE1120901@me.cba.gov.ar,GONZALEZ ORLANDO NUNI,3586545768,nuni2402@gmail.com,3°,,63,,0,No,No,No,
Adultos,F. Profesional,Público,Urbano,140462700,,,,,,CEDER RIO CUARTO,"-33.12604082841928, -64.33577535105397","Belgrano 1135, X5800 Río Cuarto, Córdoba",Río Cuarto,Santa Rosa,Río Cuarto,,,,,,,,151,,,,,,
Especial,Todos,Público,Urbano,140178100,(04-10) - 07-01,Valeria Elena del Valle Godoy,358- 5610159,EE0310229 ,"Mañana, Tarde, Noche",ESC. ESP. VICENTA CASTRO CAMBON,"-33.12484792573044, -64.3742741222188","Trejo y Sanabria 1270, X5806 Río Cuarto, Córdoba",Río Cuarto,Roque Sáenz Peña,Río Cuarto,3584672951,EE0310229@me.cba.gov.ar,Ceruti Andrea Lorena,3584322022,profceruti@gmail.com,3°,3,14,20,Todos,Sí,No,Sí,
Especial,Todos,Público,Urbano,140193700,(04-10) - 07-01,Valeria Elena del Valle Godoy,358- 5610159,EE0310212,"Mañana, Tarde",ESC. ESP. LUCIERNAGAS,"-33.12780847193426, -64.36334232041747","Pje. Abilene 1151, X5806ATA Río Cuarto, Córdoba",Río Cuarto,Roque Sáenz Peña,Río Cuarto,3584676808,EE0310212@me.cba.gov.ar,"CAPELLO, Paola Valeria",3584167520,paocapello@hotmail.com,2°,4,26,24,Todos,No,Sí,Sí,
Especial,Todos,Público,Urbano,140348200,(04-10) - 07-01,Valeria Elena del Valle Godoy,358- 5610159,EE0310205,"Mañana, Tarde",ESCUELA ESPECIAL DRA. CECILIA GRIERSON,"-33.11273625774176, -64.34943022218924","Mariano López Cobo 100-598, X5800 Río Cuarto, Córdoba",Río Cuarto,José de Calasanz,Río Cuarto,3584363703,EE0310205@me.cba.gov.ar,"Abril, Denise María Lucía",3584363703,deniseabril0@gmail.com,1°,1,29,24,Todos,No,Sí,No,
Especial,Todos,Privado,Urbano,140470800,,,,,,INST. DE ED. ESP. SANTO TOMAS,"-33.09387120944857, -64.3316421068916","Panamá 350, X5804 Río Cuarto, Córdoba",Río Cuarto,Banda Norte,Río Cuarto,,,RODRIGUEZ. M. JOSÉ,3584183872,,,,68,,,,,,
Artística,Todos,Público,Urbano,140177400,,,,,,CONSERVATORIO SUPERIOR DE MUSICA JULIAN AGUIRRE,"-33.10294855131121, -64.33585213572047","Córdoba 960, X5804FVP Río Cuarto, Córdoba",Río Cuarto,Banda Norte,Río Cuarto,,,GABRIELA QUESADA,,,,,604,,,,,,
Artística,Todos,Público,Urbano,140194000,,,,,,ESCUELA SUPERIOR DE BELLAS ARTES LIBERO PIERINI,"-33.11707965217861, -64.34786123575277","Av. España 171, X5800 Río Cuarto, Córdoba",Río Cuarto,Centro ,Río Cuarto,,,,,,,,149,,,,,,
Artística,Todos,Privado,Urbano,140440900,DGEPGP 040601S,SILVIO RASMUSEN,358-4177159,EE1240227,Noche,INSTITUTO STUDIO NORMA FONTENLA,"-33.127799487032796, -64.36343887986311","Pje. Abilene 1151, X5806ATA Río Cuarto, Córdoba",Río Cuarto,Roque Sáenz Peña,Río Cuarto,,EE1240227@me.cba.gov.ar,COY LUCAS,3584905191,lucasandaluz22@hotmail.com,3°,,125,,1,Sí,Sí,Sí,
Común,Inicial,Municipal,Urbano,,,,,,Mañana,GORRIONCITOS,"-33.11865350228839, -64.34434841967725","Int. Dr. Jaime Gil 230, X5800 Río Cuarto, Córdoba",Río Cuarto,Santa Teodora,Río Cuarto,,,,,,,,4,,,,,,
Común,Inicial,Municipal,Urbano,,,,,,Mañana,AGEC,"-33.11981352684447, -64.34782810436305","San Juan 45, X5800 Río Cuarto, Córdoba",Río Cuarto,Santa Teodora,Río Cuarto,,,,,,,,11,,,,,,
Común,Inicial,Municipal,Urbano,,,,,,"Mañana, Tarde",SEMILLITAS,"-33.14637364536402, -64.3277774561906","José Severo Malavia 1100, X5808 Río Cuarto, Córdoba",Río Cuarto,Barrios Unidos,Río Cuarto,,,,,,,,38,,,,,,
Común,Inicial,Municipal,Urbano,,,,,,Mañana,NUEVA ARGENTINA,"-33.138683761171244, -64.31502812134555","Vicente López y Planes 1796, X5808 Río Cuarto, Córdoba",Río Cuarto,Nueva Argentina,Río Cuarto,,,,,,,,9,,,,,,
Común,Inicial,Municipal,Urbano,,,,,,"Mañana, Tarde",PUEBLITO MAGICO,"-33.13647045332099, -64.33459192678701","Pedro Goyena 551, X5808FQK Río Cuarto, Córdoba",Río Cuarto,Pueblo Alberdi,Río Cuarto,,,,,,,,24,,,,,,
Común,Inicial,Municipal,Urbano,,,,,,"Mañana, Tarde",SALA CUNA ARCO IRIS,"-33.141665330565786, -64.32330027807814","Av. Pres. Perón Este 1365, X5808 Río Cuarto, Córdoba",Río Cuarto,Peirano,Río Cuarto,,,,,,,,55,,,,,,
Común,Inicial,Municipal,Urbano,,,,,,"Mañana, Tarde",EL OSO  MELOSO,"-33.102889645639344, -64.33134428713039","Jujuy 1142, X5804 Río Cuarto, Córdoba",Río Cuarto,Jardín,Río Cuarto,,,,,,,,50,,,,,,
Común,Inicial,Municipal,Urbano,,,,,,"Mañana, Tarde",NUBECITAS,"-33.09370478940153, -64.33996424073625","Amadeo Mozart 735, X5804 Río Cuarto, Córdoba",Río Cuarto,Cabrales,Río Cuarto,,,,,,,,24,,,,,,
Común,Inicial,Municipal,Urbano,,,,,,"Mañana, Tarde",MARIA I. CASTRESSANA,"-33.11436265294063, -64.32958707260119","Brasil 764, X5804 Río Cuarto, Córdoba",Río Cuarto,La Agustina,Río Cuarto,,,,,,,,24,,,,,,
Común,Inicial,Municipal,Urbano,,,,,,"Mañana, Tarde",EL PARAISO ENCANTADO,"-33.11379040313301, -64.3181977549291","Angela Martínez 1170, X5804 Río Cuarto, Córdoba",Río Cuarto,Empleados de Comercio,Río Cuarto,,,,,,,,23,,,,,,
Común,Inicial,Municipal,Urbano,,,,,,"Mañana, Tarde",SALA CUNA PIMPOLLITOS,"-33.099190147871205, -64.34776411129714","Adán Quiroga 740, X5804 Río Cuarto, Córdoba",Río Cuarto,San Martín,Río Cuarto,,,,,,,,29,,,,,,
Común,Inicial,Municipal,Urbano,,,,,,"Mañana, Tarde",SALA CUNA EL PATO RENATO,"-33.119478098289434, -64.32589901924807","Iguazú 460, X5804 Río Cuarto, Córdoba",Río Cuarto,Las Delicias,Río Cuarto,,,,,,,,35,,,,,,
Común,Inicial,Municipal,Urbano,,,,,,Mañana,INDIECITOS,"-33.08953475227366, -64.33055688708845","Omahuacas & 17 de Octubre, X5804 Río Cuarto, Córdoba",Río Cuarto,Jardín Norte,Río Cuarto,,,,,,,,4,,,,,,
Común,Inicial,Municipal,Urbano,,,,,,"Mañana, Tarde",LUNA DE PAPEL,"-33.1006314296735, -64.3659093756433","C. Río Negro 1892, X5806 Río Cuarto, Córdoba",Río Cuarto,Las Quintas,Río Cuarto,,,,,,,,36,,,,,,
Común,Inicial,Municipal,Urbano,,,,,,"Mañana, Tarde",El DESPERTAR DE  LOS BAJITOS,"-33.10777624801441, -64.38420884072788","De las Postas & Islas Georgias, X506 Río Cuarto, Córdoba",Río Cuarto,Quintitas Golf,Río Cuarto,,,,,,,,20,,,,,,
Común,Inicial,Municipal,Urbano,,,,,,"Mañana, Tarde",MUNDO FELIZ,"-33.13424605991875, -64.36361925429489","Maipú 2048, X5800 Río Cuarto, Córdoba",Río Cuarto,Tiro Federal,Río Cuarto,,,,,,,,33,,,,,,
Común,Inicial,Municipal,Urbano,,,,,,"Mañana, Tarde",EL ELEFANTE TROMPITA,"-33.14006293684463, -64.36359706145916","Pje. Mariano Boedo 2435, X5802 Río Cuarto, Córdoba",Río Cuarto,Indio Felipe Rosas,Río Cuarto,,,,,,,,40,,,,,,
Común,Inicial,Municipal,Urbano,,,,,,"Mañana, Tarde",CORAZÓN DE TIZA,"-33.11609527254328, -64.37250320351212","Gdor. Guzmán 1970, X5800 Río Cuarto, Córdoba",Río Cuarto,Golf,Río Cuarto,,,,,,,,16,,,,,,
Común,Inicial,Municipal,Urbano,,,,,,Mañana,DUENDECITOS,"-33.127350536486375, -64.36960726138227","Sadi Carnot 1555, X5806IFK Río Cuarto, Córdoba",Río Cuarto,Roque Sáenz Peña,Río Cuarto,,,,,,,,11,,,,,,
Común,Inicial,Municipal,Urbano,,,,,,"Mañana, Tarde",APRENDIENDO A CRECER,"-33.14209166418225, -64.37215368171195","Luis Reinaudi 2727, X5806 HBE, Córdoba",Río Cuarto,San Eduardo,Río Cuarto,,,,,,,,21,,,,,,
Común,Inicial,Municipal,Urbano,,,,,,Mañana,SALA CUNA SANTA CLARA,"-33.09625546066625, -64.36636705689163","Wenceslao Tejerina Nte. & Ruta Nacional A005, Río Cuarto, Córdoba",Río Cuarto,No Aplica,Río Cuarto,,,,,,,,9,,,,,,
Común,Inicial,Municipal,Urbano,,,,,,"Mañana, Tarde",SAN ANTONIO DE PADUA,"-33.10907343355923, -64.35668559434355","Pje. Río Gallegos 291, X5806HIA Río Cuarto, Córdoba",Río Cuarto,San Antonio de Padua,Río Cuarto,,,,,,,,19,,,,,,
Común,Inicial,Municipal,Urbano,,,,,,"Mañana, Tarde",ESTRELLITAS DEL SUR,"-33.14775643384654, -64.35372777919758","Hipólito Yrigoyen 2851, X5802DZG Río Cuarto, Córdoba",Río Cuarto,Industrial,Río Cuarto,,,,,,,,21,,,,,,
Común,Inicial,Municipal,Urbano,,,,,,"Mañana, Tarde",LAS ARDILLITAS TRAVIESAS,"-33.147447302956564, -64.37326110636612","Ing. Dinkeldein 3127, X5806CVK Río Cuarto, Córdoba",Río Cuarto,Casanovas,Río Cuarto,,,,,,,,20,,,,,,
Común,Inicial,Municipal,Urbano,,,,,,Mañana,LA RANITA TRAVIESA,"-33.144989355462606, -64.36356325367498","Remedios de Escalada 586, X5802 Río Cuarto, Córdoba",Río Cuarto,Ingeniero Manuel Pizarro,Río Cuarto,,,,,,,,11,,,,,,
Común,Inicial,Municipal,Urbano,,,,,,"Mañana, Tarde",RINCONCITO TIBIO,"-33.14068810159306, -64.34576055234547","Sucre 453, X5802 Río Cuarto, Córdoba",Río Cuarto,Fénix,Río Cuarto,,,,,,,,25,,,,,,
Común,Inicial,Municipal,Urbano,,,,,,"Mañana, Tarde",SALA CUNA EL PAYASO PINTON,"-33.14731504092479, -64.34148727147517","Pje. Caracas 1400, X5800 Río Cuarto, Córdoba",Río Cuarto,Once de Noviembre,Río Cuarto,,,,,,,,79,,,,,,
Común,Inicial,Municipal,Urbano,,,,,,Mañana,SALA CUNA LA TORTUGA UGA,"-33.14993627013366, -64.34623901294074","Alte. Brown 1695, X5808CYO Río Cuarto, Córdoba",Río Cuarto,Mayer,Río Cuarto,,,,,,,,13,,,,,,
Común,Inicial,Municipal,Urbano,,,,,,Tarde,ESCUELA DIGNAMENTE (**),"-33.102197273261176, -64.3494918481962","Ranqueles 750, X5800 Río Cuarto, Córdoba",Río Cuarto,San Martín,Río Cuarto,,,,,,,,,,,,,,
Común,Secundario,Privado,Urbano,140465200,DGEPGP 040601S,SILVIO RASMUSEN,358-4177159,EE1220778,Mañana,INSTITUTO SAN FRANCISCO DE ASIS,"-33.10191356166109, -64.33844213572762","Victor Hugo 885, X5804 Río Cuarto, Córdoba",Río Cuarto,Banda Norte,Río Cuarto,358-4627175,EE1220778@me.cba.gov.ar,ROSATTI GABRIELA MARIANA,358-4293138,rosattig@yahoo.com,1°,,,,5,Sí,Sí,No,
Común,Inicial,Privado,Urbano,,REGION 4 - DGIPE,SILVIA ZUPAN,3584844373,EE1520997,Mañana,INSTITUTO EDUCATIVO BETEL,"-33.10627217101234, -64.35890399338275","Manuel Coronel 1325, X5800 Río Cuarto, Córdoba",Río Cuarto,Las Quintas,Río Cuarto,,,,,,,,,,,,,,
Común,Primario,Privado,Urbano,En trámite,REGION 4 - DGIPE,SILVIA ZUPAN,3584844373,EE1120997,Mañana,INSTITUTO EDUCATIVO BETEL,"-33.10627217101234, -64.35890399338275","Manuel Coronel 1325, X5800 Río Cuarto, Córdoba",Río Cuarto,Las Quintas,Río Cuarto,,,,,,,,,,,,,,
Especial,"Secundario, Primario, Inicial",Público,Urbano,140500600,(04-10) - 07-01,Valeria Elena del Valle Godoy,358-5610159,EE0310255,"Mañana, Tarde",CENTRO DE ATENCIÓN PARA DISCAPACITADOS AUDITIVOS (CADA),"-33.1402561112496, -64.36640159338725","Maipú 2546, X5802 Río Cuarto, Córdoba",Río Cuarto,Parque Bimaco,Río Cuarto,3584676863,EE0310255@me.cba.gov.ar,CURLETTO ANABELLA,3586540141,anabellacurletto72@gmail.com,3°,,0,0,0,SI,SI,SI,
Común,Secundario,Público,Urbano,140538000,REGION IV -DGETYFP,TEC Y PROF DELIA CABALLINI,3586003210,EE0311393,"Mañana, Tarde",IPET 362 JUAN POLITANO,"-33.12352616403082, -64.36931606447406","Pcia de la Rioja 1615, X5806HXM Río Cuarto, Córdoba",Río Cuarto,Roque Sáenz Peña,Río Cuarto,3584676828,ipem362jpolitano@gmail.com,SABINI MARIA BELEN,3585099155,mariabelensabini@gmail.com,1º,,456,400,0,NO,SI,NO,
Nombre de la Métrica,Año,Valor
Alumnos Iniciales,2022,33705
Alumnos Retenidos,2022,33369
% de Retención,2022,99
Alumnos Iniciales,2023,33910
Alumnos Retenidos,2023,33705
% de Retención,2023,99.4
Alumnos Iniciales,2024,33691
Alumnos Retenidos,2024,33390
% de Retención,2024,99.1
Año,Alumnos Iniciales,Alumnos Retenidos,% de Retención
2022,33705,33369,99
2023,33910,33705,99.4
2024,33691,33360,99.1
