id,cue,nombre,modalidad,nivel,sector,ambito,turno,categoria,domicilio,barrio,localidad,departamento,latitud,longitud,telefono,emailInstitucional,directivo,telDirectivo,codigoInspeccion,inspector,telInspector,matricula2024,matricula2025,alumnosDiscapacidad,tieneRampa,tieneBanoAdaptado,tieneSillaRuedas,sillaRuedasUrgente
ESC-140088000,140088000,J. DE INF. LEOPOLDO LUGONES,Común,Inicial,Público,Urbano,"Mañana, Tarde",Tercera,"Fray Quirico Porreca 1320, X5804 Río Cuarto, Córdoba",Las Delicias,Río Cuarto,Río Cuarto,-33.121204191028355,-64.32341873285046,,EE0640482@me.cba.gov.ar32lugonesriocuarto@gmail.com,BORGOGNO RAQUEL BEATRIZ,3584240973,2001-01-04,Marisa Masuco,3584172242,118,114,5,true,true,false,No
ESC-140088500,140088500,J. DE INF. PROVINCIA DE SANTA CRUZ,Común,Inicial,Público,Urbano,"Mañana, Tarde",Primera,"Uruguay 102, X5804 Río Cuarto, Córdoba",Banda Norte,Río Cuarto,Río Cuarto,-33.102027960363216,-64.33083549052392,3584750898,ee0640496@me.cba.gov.ar / 31santacruzriocuarto@gmail.com,ARDISSONE PAMELA SUSANA,3584287781,2001-01-04,Marisa Masuco,3584172242,149,161,6,true,false,false,No
ESC-140088800,140088800,J. DE INF. MODELO,Común,Inicial,Público,Urbano,"Mañana, Tarde",Primera,"Lavalle 1410, X5800 Río Cuarto, Córdoba",Centro,Río Cuarto,Río Cuarto,-33.132045584329376,-64.3447756463413,3586027917,ee0640465@me.cba.gov.ar / 21modeloriocuarto@gmail.com,MARTIN JIMENA ANAHI,3385403388,2001-01-04,Marisa Masuco,3584172242,123,117,9,true,false,false,No
ESC-140088900,140088900,J. DE INF. DOMINGO FAUSTINO SARMIENTO,Común,Inicial,Público,Urbano,"Mañana, Tarde",Primera,"Fray Mamerto Esquiú 1035, X5806DCC Río Cuarto, Córdoba",Parque Bimaco,Río Cuarto,Río Cuarto,-33.13791064478887,-64.3680672770306,3584628657,ee0640509@me.cba.gov.ar / 41.sarmiento@gmail.com,LOPEZ GISELA RITA,3584224866,2001-01-04,Marisa Masuco,3584172242,146,138,3,true,false,true,No
ESC-140089000,140089000,J. DE INF. TTE. GRAL. EDUARDO RACEDO,Común,Inicial,Público,Urbano,"Mañana, Tarde",Primera,"Arturo M. Bas 1696, X5806 Río Cuarto, Córdoba",Intendente Mójica,Río Cuarto,Río Cuarto,-33.1244729831662,-64.3703790077566,3584221832,ee0640487@me.cba.gov.ar / 42racedoriocuarto@gmail.com,MARCON CLAUDIA EVANGELINA (Directora Suplente),3585601491,2001-01-04,Marisa Masuco,3584172242,132,161,3,true,true,false,No
ESC-140091300,140091300,J. DE INF. MARIANO MORENO,Común,Inicial,Público,Urbano,"Mañana, Tarde",Primera,"Pedro Goyena 550, X5808FQI Río Cuarto, Córdoba",Alberdi Norte,Río Cuarto,Río Cuarto,-33.13642330928765,-64.33440023284969,3584669665,EE0640504@me.cba.gov.ar,ANDINO MARIA GABRIELA,3585603681,4029,Mónica Cogorno,3584 40-0062,136,128,4,false,true,false,
ESC-140091400,140091400,J. DE INF. ARZOBISPO MARIANO ANTONIO ESPINOSA,Común,Inicial,Público,Urbano,"Mañana, Tarde",Primera,"Olegario Andrade 1070, X5808 Río Cuarto, Córdoba",Pueblo Alberdi,Río Cuarto,Río Cuarto,-33.13738299184863,-64.32647117517719,3584669662,EE0640502@me.cba.gov.ar,JAIME KARINA CECILIA,3584312431,4029,Mónica Cogorno,3584 40-0062,143,124,1,true,false,false,
ESC-140091500,140091500,J. DE INF. MERCEDES SAN MARTIN DE BALCARCE,Común,Inicial,Público,Urbano,"Mañana, Tarde",Primera,"Entre Ríos 750, X5808 Río Cuarto, Córdoba",Alberdi Norte,Río Cuarto,Río Cuarto,-33.13214576897433,-64.32998214819474,3584669663,EE0640466@me.cba.gov.ar,CABRAL MARISA ANDREA,3584119745,4029,Mónica Cogorno,3584 40-0062,121,122,4,false,false,false,1
ESC-140140300,140140300,J. DE INF. BERNARDINO RIVADAVIA,Común,Inicial,Público,Urbano,"Mañana, Tarde",Tercera,"Wenceslao Tejerina & & Ruta Nacional A005, Córdoba",Las Quintas,Río Cuarto,Río Cuarto,-33.09591889354463,-64.36630923687619,,ee0640503@me.cba.gov.ar/riocuarto35rivadavia@gmail.com,GRATTON JORGELINA,3584127563,2001-01-04,Marisa Masuco,3584172242,156,161,0,false,true,false,No
ESC-140140700,140140700,J. DE INF. GREGORIA MATORRAS DE SAN MARTIN,Común,Inicial,Público,Urbano,"Mañana, Tarde",Tercera,"9 de Julio 352, X5800 BKG, Córdoba",Centro,Río Cuarto,Río Cuarto,-33.1188391573066,-64.35355989066436,3584676827,EE0640463@me.cba.gov.ar,BONA SILVIA EDITH,3584181155,4029,Mónica Cogorno,3584 40-0062,80,71,1,false,false,false,
ESC-140153400,140153400,J. DE INF. DR. ADOLFO ALSINA,Común,Inicial,Público,Urbano,"Mañana, Tarde",Primera,"Av. Gral. José Garibaldi 796, X5804 Río Cuarto, Córdoba",Banda Norte,Río Cuarto,Río Cuarto,-33.09669650008677,-64.34459243299435,,EE0640485@me.cba.gov.ar /33alsinariocuarto@gmail.com,SARANDON ESTEFANIA CAROLINA,3584901445,2001-01-04,Marisa Masuco,3584172242,152,161,3,false,false,false,1
ESC-140153700,140153700,J. DE INF. REPUBLICA DEL URUGUAY,Común,Inicial,Público,Urbano,"Mañana, Tarde",Tercera,"San Luis 348, X5800 Río Cuarto, Córdoba",Banda Norte,Río Cuarto,Río Cuarto,-33.11257123092749,-64.33745989066456,3584908157,34uruguayriocuarto@gmail.com,LOPEZ LILIAN SOLEDAD,3584908157,2001-01-04,Marisa Masuco,3584172242,76,79,3,true,false,false,No
ESC-140154000,140154000,J. DE INF. ALMIRANTE BROWN,Común,Inicial,Público,Urbano,"Mañana, Tarde",Tercera,"Río Juramento 641, X5806 Río Cuarto, Córdoba",José de Calasanz,Río Cuarto,Río Cuarto,-33.109277930315564,-64.35127530415816,3584855071,EE0640474@me.cba.gov.ar15brownriocuarto@gmail.com,CASTILLO MARILEN LEONELA,3584234206,2001-01-04,Marisa Masuco,3584172242,63,68,0,true,true,false,
ESC-140168600,140168600,J. DE INF. MANUELA GUILLERMINA MALDONADO DE PARTELLI,Común,Inicial,Público,Urbano,Mañana,Tercera,CALLE PUBLICA LA ESQUINA P/TRES ACEQUIAS,Las Quintas,La Esquina,Río Cuarto,-33.01918314471943,-64.4389473135896,3584012650,EE0640539@me.cba.gov.ar/13partellilaesquina@gmail.com,ABRAHAN MARIA FERNANDA,3584012650,2001-01-04,Marisa Masuco,3584172242,13,18,0,false,false,false,No
ESC-140177600,140177600,J. DE INF. 21 DE JULIO,Común,Inicial,Público,Urbano,"Mañana, Tarde",Segunda,"Lavalle 510, X5800 Río Cuarto, Córdoba",Santa Rosa,Río Cuarto,Río Cuarto,-33.123089336736825,-64.341962375322,3584676833,EE0640478@me.cba.gov.ar,MARINO ROMINA,3584260874,4029,Mónica Cogorno,3584 40-0062,92,93,8,true,false,true,1
ESC-140177900,140177900,J. DE INF. DAMAS MENDOCINAS,Común,Inicial,Público,Urbano,"Mañana, Tarde",Primera,"Saint Remy 564, X5800 Río Cuarto, Córdoba",Centro,Río Cuarto,Río Cuarto,-33.1311480515778,-64.3566256906637,3584672930,EE0640461@me.cba.gov.ar / 11damasriocuarto@gmail.com,BONESSI NORA ANDREA MARIA,3585096149,2001-01-04,Marisa Masuco,3584172242,148,133,7,true,false,false,No
ESC-140180200,140180200,J. DE INF. CLODOMIRA VERA,Común,Inicial,Público,Urbano,"Mañana, Tarde",Segunda,"Av. Pres. Perón Centro 167, X5800 Río Cuarto, Córdoba",General Paz,Río Cuarto,Río Cuarto,-33.1355669756262,-64.3487455041568,3584672148,24clodomirariocuarto@gmail.com,FERNANDEZ ROJO CLAUDIA,3585132721,2001-01-04,Marisa Masuco,3584172242,136,137,5,false,false,false,No
ESC-140214100,140214100,J. DE INF. TTE. GRAL. JULIO A. ROCA,Común,Inicial,Público,Urbano,"Mañana, Tarde",Tercera,"Vélez Sarsfield 945, X5800 Río Cuarto, Córdoba",Santa Rosa,Río Cuarto,Río Cuarto,-33.126749443476925,-64.33875061765065,3584355081,EE0640494@me.cba.gov.ar /22jardinroca@gmail.com,DUCURON VIVIANA RUTH,3584012771,2001-01-04,Marisa Masuco,3584172242,94,92,3,false,false,false,No
ESC-140214400,140214400,J. DE INF. GENERAL SAN MARTIN,Común,Inicial,Público,Urbano,"Mañana, Tarde",Tercera,"Belgrano 986, X5800 Río Cuarto, Córdoba",Centro,Río Cuarto,Río Cuarto,-33.12576387147461,-64.33817763299284,3584672915,EE0640462@me.cba.gov.ar,BARRERA LUCIANA MARIAM,3584366122,4029,Mónica Cogorno,3584 40-0062,32,36,0,true,true,false,
ESC-140299600,140299600,ESC. NORMAL SUPERIOR JUSTO JOSE DE URQUIZA,Común,Inicial,Público,Urbano,"Mañana, Tarde",1º,"Constitución 1040, X5800 Río Cuarto, Córdoba",Centro,Río Cuarto,Río Cuarto,-33.12665255829525,-64.35076241949945,358 4672917,ee0330371@me.cba.gov.ar / ifd_escuelanormal_urquiza@yahoo.com.ar,ALEJANDRA GASTALDELLO   REGENTE MARÍA LAURA ZÁRATE,358 431-8073                             358 447-5251,040503  04Región 05DGES 03Inspección,ERNESTO OLMEDO,358 428-1607,148,133,7,true,false,false,
ESC-140300200,140300200,J. DE INF. GRAL. JOSE MARIA PAZ,Común,Inicial,Público,Urbano,"Mañana, Tarde",Primera,"Mitre 1325, X5800 Río Cuarto, Córdoba",Centro,Río Cuarto,Río Cuarto,-33.12881093859362,-64.3542121618282,3584676820,EE0640481@me.cba.gov.ar / 14gralpazriocuarto01@gmail.com,MILANESIO ROSANA SILVINA,3585481594,2001-01-04,Marisa Masuco,3584172242,247,222,9,true,true,false,No
ESC-140301500,140301500,J. DE INF. JUSTO SOCRATES ANAYA,Común,Inicial,Público,Urbano,"Mañana, Tarde",Primera,"Alte. Brown 1245, X5808 Río Cuarto, Córdoba",Fénix,Río Cuarto,Río Cuarto,-33.1440795007549,-64.34402583743449,3584672143,EE0640483@me.cba.gov.ar,ZARATE LAURA,3584375251,4029,Mónica Cogorno,3584 40-0062,146,174,1,false,false,false,
ESC-140371600,140371600,J.DE INF. GRAL. I. H. FOTHERINGHAM,Común,Inicial,Público,Urbano,Mañana,Tercera,"Av. Amadeo Sabattini 3800, X5802 Río Cuarto, Córdoba",Las Ferias,Río Cuarto,Río Cuarto,-33.15573353282302,-64.35911626182694,3584672110,EE0640498@me.cba.gov.ar,AMAYA LUCIANA ELENA,3584197885,2001-01-04,Marisa Masuco,3584172242,40,36,1,false,false,false,No
ESC-140375500,140375500,J. DE INF. MANUEL BELGRANO,Común,Inicial,Público,Urbano,"Mañana, Tarde",Primera,"Gral. Paz 1316, X5800ADE Río Cuarto, Córdoba",Centro,Río Cuarto,Río Cuarto,-33.13000838757437,-64.34959091949916,3584672921,EE0640464@me.cba.gov.ar,GONZALEZ MARIA INES,3585068422,4029,Mónica Cogorno,3584 40-0062,198,189,6,false,false,false,
ESC-140384700,140384700,jose,Común,Inicial,Público,Urbano,No especificado,No categorizada,Estación Colonia del Carmen,No Aplica,Colonia El Carmen,Río Cuarto,-33.09718848867749,-64.43078970399763,3584222838,,,,,,,3,0,0,false,false,false,
ESC-140476400,140476400,J. DE INF. JUAN BAUTISTA ALBERDI,Común,Inicial,Público,Urbano,"Mañana, Tarde",Tercera,"Tomás Anchorena & Güemes, X5808 Río Cuarto, Córdoba",Alberdi Norte,Río Cuarto,Río Cuarto,-33.13641900927841,-64.31748166182784,3584672950,EE0640561@me.cba.gov.ar,SEIMANDI LAURA CECILIA,3585619616,4029,Mónica Cogorno,3584 40-0062,93,92,2,false,false,false,
ESC-140476600,140476600,J. DE INF. HEBE SAN MARTIN DE DUPRAT,Común,Inicial,Público,Urbano,"Mañana, Tarde",Segunda,"Araucanos & 17 de Octubre, X5804 Río Cuarto, Córdoba",Jardín Norte,Río Cuarto,Río Cuarto,-33.089302619262,-64.33614874648808,3584672958,EE0640563@me.cba.gov.ar / 37dupratriocuarto@gmail.com,AVILA MARIELA SOFIA,3584306453,2001-01-04,Marisa Masuco,3584172242,91,85,1,false,false,false,No
ESC-140476700,140476700,J. DE INF. MAESTRO INDIO FELIPE ROSAS,Común,Inicial,Público,Urbano,"Mañana, Tarde",Segunda,"Geronimo del Barco 3041, X5802CWA Río Cuarto, Córdoba",Ingeniero Manuel Pizarro,Río Cuarto,Río Cuarto,-33.14784268233278,-64.36506023299182,3584672955,EE0640565@me.cba.gov.ar/46maestroindioriocuarto@gmail.com,MERCAU ELENA,3584860059,2001-01-04,Marisa Masuco,3584172242,91,87,0,false,false,false,No
ESC-140515900,140515900,J. DE INF. MADRE TERESA DE CALCUTA,Común,Inicial,Público,Urbano,Mañana,Tercera,"Dr. Carlos Gaudard 3480, X5806 Río Cuarto, Córdoba",Ciudad Nueva,Río Cuarto,Río Cuarto,-33.152266460965706,-64.3718424464849,3584676843,EE0640577@me.cba.gov.ar/47calcutariocuarto@gmail.com,ZAPATA CAROLINA BELEN,3585615756,2001-01-04,Marisa Masuco,3584172242,67,64,2,true,true,false,No
ESC-140542400,140542400,10 DE JUNIO,Común,Inicial,Público,Urbano,"Mañana, Tarde",Tercera,"Florencio Sánchez 1780, X5804 Río Cuarto, Córdoba",Valacco,Río Cuarto,Río Cuarto,-33.104,-64.3345,3584654453,ee0640583@me.cba.gov.ar,DÁNGELO GABRIELA ALEJANDRA,3584381130,2001-01-04,Marisa Masuco,3584172242,130,122,0,false,true,false,No
ESC-140581800,140581800,JARDIN MATERNAL RAYITO DE SOL-UNRC,Común,Inicial,Público,Urbano,No especificado,No categorizada,Sin domicilio registrado,No Aplica,Las Higueras,Río Cuarto,-33.110822778151466,-64.30087052571193,,,,,,,,104,0,0,false,false,false,
ESC-149000500,149000500,J. DE INF. ROSARIO VERA PEÑALOZA,Común,Inicial,Público,Urbano,"Mañana, Tarde",No categorizada,"ADA, Gral. Paz 1141, X5800 Río Cuarto, Provincia de Córdoba",Centro,Río Cuarto,Río Cuarto,-33.12823429169027,-64.348784348335,3584645757 / 3584388921,jardin@rec.unrc.edu.ar,ORDOÑEZ LUCILA,3584857874,,,,127,0,0,false,false,false,
ESC-140087900,140087900,ESCUELA 21 DE JULIO,Común,Primario,Público,Urbano,"Mañana, Tarde",1°,"Baigorria 552, X5800CQK Río Cuarto, Córdoba",Santa Rosa,Río Cuarto,Río Cuarto,-33.122797453043994,-64.3423188194998,358-4672914,21dejulioescuela@gmail.com,FACIOLO GABRIELA PATRICIA,358-4300131,412151,MARTA MUÑOZ,3584206118,433,0,28,false,false,false,NO
ESC-140088600,140088600,ESCUELA TTE. GRAL. EDUARDO RACEDO,Común,Primario,Público,Urbano,"Mañana, Tarde",1°,"Trabajo y Prevision 1100, X5806 Río Cuarto, Córdoba",Lomitas de Oro,Río Cuarto,Río Cuarto,-33.122339764468656,-64.36958163299312,3584235418,escuelaracedo@gmail.com,"VELEZ, MARIA SOL",3584235410,413123,ANALÍA AVARO,3584823080,592,0,33,true,false,false,NO
ESC-140088700,140088700,ESCUELA DOMINGO FAUSTINO SARMIENTO,Común,Primario,Público,Urbano,"Mañana, Tarde",1°,"Fray Mamerto Esquiú 1045, X5806 Río Cuarto, Córdoba",Parque Bimaco,Río Cuarto,Río Cuarto,-33.13872684930608,-64.36874376182773,,escuelasarmiento4gmail.com,MARIA FANNY MABEL,3586011982,413112,ANALÍA AVARO,3584823080,398,0,19,false,false,false,NO
ESC-140091600,140091600,ESCUELA MARIANO MORENO,Común,Primario,Público,Urbano,"Mañana, Tarde",1°,"Montevideo 528, X5808 Río Cuarto, Córdoba",Alberdi Norte,Río Cuarto,Río Cuarto,-33.13690416218026,-64.33425670415667,,mmoreno4112@gmail.com,ALI  MARIA BEATRIZ,3586013432,414112,MILENA ANDREA GUEVARA,358-6010199,319,276,10,false,false,true,NO
ESC-140113200,140113200,JOSE DE SAN MARTIN,Común,"Primario, Inicial",Público,Periférico,"Mañana, Tarde",No categorizada,RUTA 30 KM 69 COLONIA EL CARMEN,No Aplica,Colonia El Carmen,Río Cuarto,-33.095088238275174,-64.43162950084337,,,,,412112,MARTA MUÑOZ,3584206118,11,0,0,false,false,false,
ESC-140140100,140140100,ESCUELA BERNARDINO RIVADAVIA,Común,Primario,Público,Urbano,"Mañana, Tarde",1°,"Wenceslao Tejerina Nte. 1171, X5806 Río Cuarto, Córdoba",Las Quintas,Río Cuarto,Río Cuarto,-33.09551108048971,-64.3661289195011,,bernardinorivadaviario4@gmail.com,TOMASSINI LUDMILA VICTORIA,3586009284,Cód. Nuevo 04020116    411132,ARIANA J. VIOLA,0358- 154815840,303,0,13,false,true,false,SI (1)
ESC-140153500,140153500,ESCUELA REPUBLICA DEL URUGUAY,Común,Primario,Público,Urbano,"Mañana, Tarde",1°,"San Luis 342, X5804GHF Río Cuarto, Córdoba",Banda Norte,Río Cuarto,Río Cuarto,-33.11266894468444,-64.33752851765131,,c.e.repdeluruguay@gmail.com,MARSO ANALIA CRISTINA,3584010953,Cód. Nuevo 04020112      411112,ARIANA J. VIOLA,0358- 154815840,333,0,10,true,false,false,NO
ESC-140154100,140154100,ESCUELA ALMIRANTE BROWN,Común,Primario,Público,Urbano,"Mañana, Tarde",1°,"Río Quinto 660, X5806 Río Cuarto, Córdoba",José de Calasanz,Río Cuarto,Río Cuarto,-33.10876022352248,-64.3533158771715,3584849648,brown13125@gmail.com,"ASTEGIANO, ADRIANA RAQUEL",3584849648,413125,ANALÍA AVARO,3584823080,256,0,11,true,false,false,NO
ESC-140154200,140154200,ESCUELA DOCTOR ADOLFO ALSINA,Común,Primario,Público,Urbano,"Mañana, Tarde",1°,"Av. Gral. José Garibaldi 740, X5804 Río Cuarto, Córdoba",Banda Norte,Río Cuarto,Río Cuarto,-33.09728227569255,-64.3439491934043,,cedoctoradolfoalsina@gmail.com,CAVALLERIS LAURA ISABEL,3584187721,Cód. Nuevo 04020115      411131,ARIANA J. VIOLA,0358- 154815840,514,0,23,true,true,false,NO
ESC-140176500,140176500,ESCUELA BARTOLOME MITRE,Común,Primario,Público,Urbano,"Mañana, Tarde",1°,"Lavalle 1452, X5800 Río Cuarto, Córdoba",Centro,Río Cuarto,Río Cuarto,-33.132193031204736,-64.3453561613378,,mitreriocuarto@gmail.com,"JAIME, OMAR ANTONIO",3584029197,412111,MARTA MUÑOZ,3584206118,324,0,0,false,false,false,
ESC-140177700,140177700,ESCUELA PROVINCIA DE SANTA CRUZ,Común,Primario,Público,Urbano,"Mañana, Tarde",1°,"Santa Fe & Uruguay, X5800 Río Cuarto, Córdoba",Banda Norte,Río Cuarto,Río Cuarto,-33.10305447541329,-64.33007996032234,358-4751666,santacruzbn@gmail.com,BURGARELLA ALEJANDRA JUANA,3584186729,412121,MARTA MUÑOZ,3584206118,649,0,0,false,false,false,
ESC-140178000,140178000,ESCUELA VELEZ SARSFIELD,Común,Primario,Público,Urbano,"Mañana, Tarde",1°,"Mendoza 1502, X5800 Río Cuarto, Córdoba",Centro,Río Cuarto,Río Cuarto,-33.13052970772379,-64.35592826454308,3584300022,sarsfielv@gmail.com,"BONANSEA, SILVANA MABEL",3584300022,413111,ANALÍA AVARO,3584823080,503,0,24,true,false,true,SI
ESC-140194100,140194100,ESCUELA TTE. GRAL. JULIO ARGENTINO ROCA,Común,Primario,Público,Urbano,"Mañana, Tarde",1°,"Juan José Paso 790, X5800 Río Cuarto, Córdoba",Santa Rosa,Río Cuarto,Río Cuarto,-33.12637145909831,-64.33823707810845,3585064579,41escuelaroca@gmail.com,CEBALLOS LORENA BEATRIZ,3585064579,412141,MARTA MUÑOZ,3584206118,246,0,0,false,false,false,
ESC-140203800,140203800,ESCUELA MANUEL BELGRANO,Común,Primario,Público,Urbano,"Mañana, Tarde",1°,"Sobremonte 1333, X5800ABA Río Cuarto, Córdoba",Centro,Río Cuarto,Río Cuarto,-33.1298630370174,-64.35029966457712,,escmanuelbelgrano@gmail.com,MANAVELLA  LORENA NOEMÍ,3584848053,Cód. Nuevo 04020111     411111,ARIANA J. VIOLA,0358- 154815840,656,0,67,false,false,false,NO
ESC-140213600,140213600,ESCUELA GENERAL PAZ,Común,Primario,Público,Urbano,"Mañana, Tarde",1°,"Mitre 850, X5800 Río Cuarto, Córdoba",Centro,Río Cuarto,Río Cuarto,-33.12378698216998,-64.3530230357267,3585094946,cegeneralpaz@gmail.com,"VIENNY, ANDREA ENSI",3585094946,413121,ANALÍA AVARO,3584823080,642,0,44,true,true,true,SI
ESC-140213800,140213800,ESCUELA GENERAL SAN MARTIN,Común,Primario,Público,Urbano,"Mañana, Tarde",3° P.C.,"Belgrano 986, X5800 Río Cuarto, Córdoba",Santa Rosa,Río Cuarto,Río Cuarto,-33.12574592775277,-64.3381937221982,dado de baja,ee0640331@me.cba.gov.ar / gralsanmartin14@gmail.com,MORALES HORACIO ADRIAN,3584311312,COD. NUEVO 040204-12 (414121),MILENA ANDREA GUEVARA,358-6010199,102,97,5,false,true,false,NO
ESC-140299600,140299600,ESC. NORMAL SUPERIOR JUSTO JOSE DE URQUIZA,Común,Primario,Público,Urbano,"Mañana, Tarde",No categorizada,"Constitución 1040, X5800 Río Cuarto, Córdoba",Centro,Río Cuarto,Río Cuarto,-33.126607659680445,-64.35073559336206,,,,,,ERNESTO OLMEDO,,465,0,0,false,false,false,
ESC-140300400,140300400,ESCUELA LEOPOLDO LUGONES,Común,Primario,Público,Urbano,"Mañana, Tarde",1°,"Fray Quirico Porreca 1310, X5804 Río Cuarto, Córdoba",Las Delicias,Río Cuarto,Río Cuarto,-33.1207239349298,-64.32319915028243,,lugonesleopoldo74@gmail.com,CIPRIANI CLAUDIA,3584314717,Cód. Nuevo 04020114       411122,ARIANA J. VIOLA,0358- 154815840,354,0,14,false,false,false,NO
ESC-140300700,140300700,ESCUELA GOBERNADOR DR. AMADEO SABATTINI,Común,Primario,Público,Urbano,"Mañana, Tarde",1°,"Mansilla 320, X5800 Río Cuarto, Córdoba",General Paz,Río Cuarto,Río Cuarto,-33.13479447978429,-64.3484126645404,,,LANDA RITA MARIA FABIANA,3584900876,Cód. Nuevo 04020113      411121,ARIANA J. VIOLA,0358- 154815840,397,0,0,true,false,false,NO
ESC-140301200,140301200,ESCUELA GENERAL JUSTO SOCRATES ANAYA,Común,Primario,Público,Urbano,"Mañana, Tarde",1°,"Azopardo 1270, X5808 Río Cuarto, Córdoba",Fénix,Río Cuarto,Río Cuarto,-33.14493930348259,-64.34290606453682,,anayasócrates@gmail.com,PALACIOS LUCIANA,3584011211,Cód. Nuevo 04020119     414122,ARIANA J. VIOLA,0358-154815840,479,0,15,false,false,false,NO
ESC-140301800,140301800,ESCUELA NICOLAS AVELLANEDA,Común,Primario,Público,Urbano,"Mañana, Tarde",1°,"Vicente López y Planes 538, X5808 Río Cuarto, Córdoba",Alberdi Norte,Río Cuarto,Río Cuarto,-33.13434536817727,-64.33392596451266,3585608879,navellaneda13@gmail.com,REDONDO CELINA BEATRÍZ,3585613090,Cód. Nuevo 04020219 (414111),MARTA MUÑOZ,358-6010199,449,0,21,true,false,false,NO
ESC-140301900,140301900,ESCUELA ARZOBISPO ANTONIO ESPINOSA,Común,Primario,Público,Urbano,"Mañana, Tarde",1°,"Olegario Andrade 1020, X5808 Río Cuarto, Córdoba",Alberdi Norte,Río Cuarto,Río Cuarto,-33.13697120485559,-64.3254939068665,3585136543,cearzobispo@gmail.com,QUIROGA MIRIAM LURDES,3585136543,Cód. Nuevo 04020120      414131,ARIANA J. VIOLA,358-154815840,398,0,12,true,true,false,NO
ESC-140324200,140324200,ESCUELA MANUELA GUILLERMINA MALDONADO DE PARTELLI,Común,Primario,Público,Urbano,"Mañana, Tarde",3°PU,Sin domicilio registrado,No Aplica,La Esquina,Río Cuarto,,,358-4194315,partelli36@gmail.com,ENRIZ VERÓNICA DEL CARMEN,358-4194315,412136,MARTA MUÑOZ,3584206118,44,0,0,false,false,false,
ESC-140348100,140348100,ESCUELA FLORENTINO AMEGHINO,Común,Primario,Público,Urbano,"Mañana, Tarde",1°,"9 de Julio 314, X5800 BKG, Córdoba",Centro,Río Cuarto,Río Cuarto,-33.118478354742365,-64.3534799510988,358-4672908,ameghinoescuela@gmail.com,DOMINGUEZ MARIANA BEATRIZ,3584220492,412131,MARTA MUÑOZ,3584206118,339,0,0,false,false,false,
ESC-140371700,140371700,ESCUELA GRAL. IGNACIO HAMILTON FOTHERINGHAM,Común,Primario,Público,Urbano,Mañana,1°,"Av. Amadeo Sabattini 3800, X5802 Río Cuarto, Córdoba",Las Ferias,Río Cuarto,Río Cuarto,-33.15580171776015,-64.3590514589509,3584908327,centroe.fotheringham@gmail.com,CEJAS SANDRA ROSANA,3584908327,413113,ANALÍA AVARO,3584823080,130,0,3,false,false,false,NO
ESC-140384700,140384700,GENERAL JOSE DE SAN MARTIN,Común,Primario,Público,Urbano,Mañana,3°PU,Ruta Nacional 36 km 614,No Aplica,Río Cuarto,Río Cuarto,,,,escuelaespinillo70@gmail.com,OLIVO ZULMA DEL VALLE,3585608071,Cód. Nuevo 04020117   411133,ARIANA J. VIOLA,0358- 154815840,7,0,0,false,false,false,NO
ESC-140468400,140468400,10 DE JUNIO,Común,Primario,Público,Urbano,"Mañana, Tarde",1ª,"El Salvador 850, X5804 Río Cuarto, Córdoba",Valacco,Río Cuarto,Río Cuarto,-33.104174279195945,-64.31304613575452,358-4672115,ce10dejunio@gmail.com,NOBLE PAOLA DANIELA,3585609742,412126,MARTA MUÑOZ,3584206118,272,0,0,false,false,false,
ESC-140475200,140475200,ESCUELA MAESTRO INDIO FELIPE ROSAS,Común,Primario,Público,Urbano,"Mañana, Tarde",1°,"Geronimo del Barco 3075, X5802CWA Río Cuarto, Córdoba",Ingeniero Manuel Pizarro,Río Cuarto,Río Cuarto,-33.148254378443376,-64.36526703758999,3584371416,maestroifrosas@gmail.com,VELEZ DIAZ ANALIA VANESA,3584371416,413114,ANALÍA AVARO,3584823080,248,0,13,true,false,false,NO
ESC-140480400,140480400,ESCUELA HEBE SAN MARTIN DE DUPRAT(EX-S/N DE BOJARDIN NORTE),Común,Primario,Público,Urbano,"Mañana, Tarde",1°,"Grito de Alcorta & Araucanos, X5804 Río Cuarto, Córdoba",Jardín Norte,Río Cuarto,Río Cuarto,-33.0882163101053,-64.33616103576888,,hebesmduprat@gmail.com,FONSECA ANA CRISTINA,3584322766,Cód. Nuevo 04020118    411134,ARIANA J. VIOLA,0358- 154815840,227,0,14,true,true,false,NO
ESC-140480700,140480700,ESCUELA MARIA EVA DUARTE,Común,Primario,Público,Urbano,"Mañana, Tarde",1°,"Tomás Anchorena 100-198, X5808 Río Cuarto, Córdoba",Alberdi Norte,Río Cuarto,Río Cuarto,-33.13550850201872,-64.31749249337106,3584392138,ee0640562@me.cba.gov.ar / esevaduarte@gmail.com,"GREMIGER,MARÍA ALEJANDRA",3584392138,040204-13 (4141-33),MILENA ANDREA GUEVARA,358-6010199,275,250,0,true,true,true,SI
ESC-140516000,140516000,ESCUELA MADRE TERESA DE CALCUTA,Común,Primario,Público,Urbano,Mañana,2°,"Dr. Carlos Gaudard 3480, X5806 Río Cuarto, Córdoba",Ciudad Nueva,Río Cuarto,Río Cuarto,-33.15332964307637,-64.37202917806451,3584672947,c.e.madreteresadecalcuta@gmail.com,"FIORI, PATRICIA DEL VALLE",3585176254,413115,ANALÍA AVARO,3584823080,145,0,10,true,true,false,NO
ESC-140299600,140299600,ESC. NORMAL SUPERIOR JUSTO JOSE DE URQUIZA,Común,Primario,Público,Urbano,"Mañana, Tarde",1º,"Constitución 1040, X5800 Río Cuarto, Córdoba",Centro,Río Cuarto,Río Cuarto,-33.12665255829525,-64.35076241949945,358 4672917,ee0330371@me.cba.gov.ar / ifd_escuelanormal_urquiza@yahoo.com.ar,"GASTALDELLO, Alejandra   REGENTE SOLIVELLAS, Cira",358 431-8073,040503 04Región 05DGES 03Inspección,ERNESTO OLMEDO,358 428-1607,468,460,0,true,false,false,
ESC-140178300,140178300,Ι.Ρ.Ε.Μ. № 128 DR. MANUEL BELGRANO,Común,Secundario,Público,Urbano,"Mañana, Tarde",1°,"Sobremonte 1357, X5800 Río Cuarto, Córdoba",Centro,Río Cuarto,Río Cuarto,-33.13002214531937,-64.34988043572945,4676802,EE0310553@me.cba.gov.ar,SILVINA JULIA FERNANDEZ,3584198275,I.R. 4 RÍO CUARTO / JUÁREZ CELMAN,ELENA ROSSATTO,0358-154031917,587,0,0,false,true,false,
ESC-140299500,140299500,Ι.Ρ.Ε.Μ. № 283 FRAY MAMERTO ESQUIU,Común,Secundario,Público,Urbano,Tarde,1°,"Baigorria 463, X5800CQI Río Cuarto, Córdoba",Centro,Río Cuarto,Río Cuarto,-33.12230473456522,-64.34291160688267,4672912,EE0320211@me.cba.gov.ar,LUCAS OLIVERO,3584188691,I.R. 4 RÍO CUARTO / JUÁREZ CELMAN,ELENA ROSSATTO,0358-154031917,428,0,0,true,true,false,
ESC-140299502,140299502,Ι.Ρ.Ε.Μ. N° 444,Común,Secundario,Público,Urbano,Tarde,3°,"Dr. Carlos Gaudard 3480, X5806 Río Cuarto, Córdoba",Ciudad Nueva,Río Cuarto,Río Cuarto,-33.15335658992864,-64.37205063576532,4676842,EE0311437@me.cba.gov.ar,MARIA FLORENCIA MORALES,3584285605,I.R. 4 RÍO CUARTO / JUÁREZ CELMAN,ELENA ROSSATTO,0358-154031917,133,0,1,true,true,false,
ESC-140299600,140299600,ESC. NORMAL SUPERIOR JUSTO JOSE DE URQUIZA,Común,Secundario,Público,Urbano,"Mañana, Tarde, Noche",1º,"Constitución 1040, X5800 Río Cuarto, Córdoba",Centro,Río Cuarto,Río Cuarto,-33.126652584800716,-64.35073559337289,358 4672917,ee0330370@me.cba.gov.ar / ifd_escuelanormal_urquiza@yahoo.com.ar,"ALEJANDRA GASTALDELLO,   VICED VERÓNICA ARFENONI",358 431-8073,(04) 05-03  04Rïo Cuarto 05DGES 03Inspección,ERNESTO OLMEDO,0358-154281607,979,1018,0,true,false,false,
ESC-140299700,140299700,Ι.Ρ.Ε.Μ. 95 MARIQUITA SANCHEZ DE THOMPSON,Común,Secundario,Público,Urbano,"Mañana, Tarde",1°,"Manco Cápac 50, X5804 Río Cuarto, Córdoba",Banda Norte,Río Cuarto,Río Cuarto,-33.10290992608234,-64.3351554069006,4672926,EE0310512@me.cba.gov.ar,ANALIA BARBOSA,3584029890,I.R. 4 RÍO CUARTO / JUÁREZ CELMAN,ELENA ROSSATTO,0358-154031917,933,0,0,false,false,false,
ESC-140299900,140299900,Ι.Ρ.Ε.Μ.Υ Τ. № 203 DR. JUAN BAUTISTA DICHIARA,Común,Secundario,Público,Urbano,"Mañana, Tarde",1°,"Bolívar 335, X5800 Río Cuarto, Córdoba",Centro,Río Cuarto,Río Cuarto,-33.1272452048372,-64.3460035233572,3584672931,ipem203jbd@gmail.com,SILVIA POMILIO,3584 831480,REGION 4 ZONA 1 RIO CUARTO / JUAREZ CELMAN,DELIA CABALLINI,3584672991,718,672,33,true,true,false,
ESC-140301300,140301300,Ι.Ρ.Ε.Τ. № 79 ING. RENATO DE MARCO,Común,Secundario,Público,Urbano,"Mañana, Tarde",No categorizada,"Leandro N. Alem 1735, X5808 Río Cuarto, Córdoba",Alberdi Norte,Río Cuarto,Río Cuarto,-33.15145229795483,-64.34175100875747,,ipem79@yahoo.com.ar,MARTINO CLAUDIO,3585608325,,DELIA CABALLINI,3584672991,400,0,0,false,false,false,
ESC-140391000,140391000,Ι.Ρ.Ε.Μ. № 281 DR. CARLOS A. LUCERO KELLY,Común,Secundario,Público,Urbano,Mañana,1°,"Baigorria 463, X5800CQI Río Cuarto, Córdoba",Centro,Río Cuarto,Río Cuarto,-33.122340676410126,-64.34299743752717,4672911,EE0320210@me.cba.gov.ar,ANDREA ROSSATTO,3584015758,I.R. 4 RÍO CUARTO / JUÁREZ CELMAN,ELENA ROSSATTO,0358-154031917,774,0,1,true,true,false,
ESC-140400300,140400300,Ι.Ρ.Ε.Τ. 259 AMBROSIO OLMOS,Común,Secundario,Público,Urbano,"Mañana, Tarde, Noche",1,"Baigorria 527, X5800CQK Córdoba",Santa Rosa,Río Cuarto,Río Cuarto,-33.122788333476265,-64.3425360933558,,ipet259direccion@gmail.com,CARLOS GAITAN,3584 11-8561,,DELIA CABALLINI,3584672991,934,0,0,false,false,false,
ESC-140447400,140447400,Ι.Ρ.Ε.Τ. № 26 JUAN FILLOY,Común,Secundario,Público,Urbano,"Mañana, Tarde",No categorizada,"Belisario Roldán 535, X5808 Río Cuarto, Córdoba",Alberdi Norte,Río Cuarto,Río Cuarto,-33.136597720158086,-64.33524819340157,,ipet26gestion@gmail.com,LASCANO ASTRADA M. ANDREA,3585041961,,DELIA CABALLINI,3584672991,508,0,0,false,false,false,
ESC-140447500,140447500,Ι.Ρ.Ε.Μ. 27. DR. RENE FAVALORO,Común,Secundario,Público,Urbano,"Mañana, Tarde",2°,"11 de Noviembre 1150, X5800ACW Río Cuarto, Córdoba",San Antonio de Padua,Río Cuarto,Río Cuarto,-33.10586434439739,-64.35596359342487,4672946,EE0310927@me.cba.gov.ar,ALEJANDRO CANTON,3584170269,I.R. 4 RÍO CUARTO / JUÁREZ CELMAN,ELENA ROSSATTO,0358-154031917,335,0,0,true,true,false,
ESC-140447600,140447600,Ι.Ρ.Ε.Μ. № 28 VILLA DE LA CONCEPCION DEL RIO CUARTO,Común,Secundario,Público,Urbano,"Mañana, Tarde",2°,"Venezuela 950, X5804 Río Cuarto, Córdoba",Banda Norte,Río Cuarto,Río Cuarto,-33.10836827550753,-64.31837249340965,4676805,EE0310928@me.cba.gov.ar,MARIEL GONZÁLEZ,3584115999,I.R. 4 RÍO CUARTO / JUÁREZ CELMAN,ELENA ROSSATTO,0358-154031917,384,0,0,false,true,false,
ESC-140447700,140447700,Ι.Ρ.Ε.Μ. № 29 FELIPE GALIZIA,Común,Secundario,Público,Urbano,"Mañana, Tarde",2°,"CERVANTES S/N, RIO CUARTO, CORDOBA",Las Quintas,Río Cuarto,Río Cuarto,-33.093274743096245,-64.36712153570346,4676826,EE0310929@me.cba.gov.ar,MABEL EMILIANI,3584018184,I.R. 4 RÍO CUARTO / JUÁREZ CELMAN,ELENA ROSSATTO,0358-154031917,320,0,0,true,true,false,
ESC-140475700,140475700,Ι.Ρ.Ε.Τ. Ν° 314. LIBERTADOR GENERAL DON JOSE DE SAN MARTIN,Común,Secundario,Público,Urbano,Mañana,No categorizada,"Güemes 1600, X5808 Río Cuarto, Córdoba",Alberdi Norte,Río Cuarto,Río Cuarto,-33.13605381903504,-64.31705513571511,,ipet314direccion@gmail.com,SOMARE LUCIANA,3585089076,,DELIA CABALLINI,3584672991,273,0,0,false,false,false,
ESC-140504700,140504700,Ι.Ρ.Ε.Μ. № 330 EDGARDO ROBERTO PRAMPARO,Común,Secundario,Público,Urbano,"Mañana, Tarde",2°,"Av. Amadeo Sabattini 4000, Río Cuarto, Córdoba",Las Ferias,Río Cuarto,Río Cuarto,-33.16001596018289,-64.35934216452424,4676829,EE0310948@me.cba.gov.ar,PABLO BOCCHETTO,3584306950,I.R. 4 RÍO CUARTO / JUÁREZ CELMAN,ELENA ROSSATTO,0358-154031917,227,0,3,false,false,false,
ESC-140538000,140538000,Ι.Ρ.Ε.Τ. 362 JUAN ANDRES POLITANO,Común,Secundario,Público,Urbano,No especificado,1,"Pcia de la Rioja 1620, X5806 Río Cuarto, Córdoba",Centro / No especificado,Río Cuarto,Río Cuarto,-33.12319437807595,-64.36921635106026,,ipet362jpolitano@gmail.com,SABINI MARIA BELEN,3585099155,,,,451,0,0,false,false,false,
ESC-140562400,140562400,ESCUELA EXPERIMENTAL CON ENFASIS EN TECNOLOGIAS DE LA INFORMACION Y LA COMUNICACION,Común,Secundario,Público,Urbano,"Mañana, Tarde",3°,"Roberto Payró 970, X5804 Río Cuarto, Córdoba",Banda Norte,Río Cuarto,Río Cuarto,-33.09628842577719,-64.34361489338723,3585093258,riocuarto.ds@escuelasproa.edu.ar,VARISCO VIRGINIA,3585485932,REGION 4 RIO CUARTO,DELIA CABALLINI,3584672991,148,150,1,true,true,false,
ESC-140566600,140566600,ESCUELA EXPERIMENTAL CON ENFASIS EN TECNOLOGIAS DE LA INFORMACION Y LA COMUNICACION,Común,Secundario,Público,Urbano,"Tarde, Mañana",No categorizada,"General Enrique Mosconi 240, X5802 Río Cuarto, Córdoba",Industrial,Río Cuarto,Río Cuarto,-33.15055998362882,-64.35197652224838,,riocuarto.bt@escuelasproa.edu.ar,COSTAMAGNA IRIS SILVANA,3584390249,R4 Río Cuarto,DELIA CABALLINI,3584672991,147,0,0,false,false,false,
ESC-140577300,140577300,ESCUELA SECUNDARIA DE FORMACION PROFESIONAL Nvas. Tecnologías aplicadas al Agro,Común,Secundario,Público,Urbano,Mañana,3,"Frua Teresa 1526, X5800 Río Cuarto, Córdoba",Banda Norte,Río Cuarto,Río Cuarto,-33.11410030358231,-64.3140420648617,3584 320154,EE0311500@me.cba.gov.ar,ZANDARÍN ANDREA CRISTINA (Coord.),54 9 3584 320154,REGION 4 ZONA 1 RIO CUARTO / JUAREZ CELMAN,DELIA CABALLINI,3584672991,74,97,0,true,true,false,
ESC-140538000,140538000,IPET 362 JUAN POLITANO,Común,Secundario,Público,Urbano,"Mañana, Tarde",1º,"Pcia de la Rioja 1615, X5806HXM Río Cuarto, Córdoba",Roque Sáenz Peña,Río Cuarto,Río Cuarto,-33.12352616403082,-64.36931606447406,3584676828,ipem362jpolitano@gmail.com,SABINI MARIA BELEN,3585099155,REGION IV -DGETYFP,TEC Y PROF DELIA CABALLINI,3586003210,456,400,0,false,true,false,